Size_Bytes,Time_Seconds,Throughput_MBs
31169684,1.413e-06,2.10373e+07
32244501,9.62e-07,3.19654e+07
33319317,1.403e-06,2.26485e+07
34394134,5.41e-07,6.06299e+07
35468951,1.599e-05,2.11544e+06
36543767,1.142e-06,3.05174e+07
37618584,2.094e-06,1.71327e+07
41917850,1.533e-06,2.6077e+07
42992667,1.473e-06,2.7835e+07
44067484,5.92e-07,7.09899e+07
45142300,6.31e-07,6.82267e+07
46217117,2.182e-05,2.01999e+06
47291934,1.312e-06,3.43758e+07
48366750,1.803e-06,2.5583e+07
2,5.21e-07,3.66094
38693400,9.62e-07,3.83585e+07
49441567,9.01e-07,5.2332e+07
1074818,3.1e-07,3.30654e+06
39768217,1.042e-06,3.63972e+07
50516384,9.02e-07,5.34104e+07
2149635,2.6e-07,7.88481e+06
40843034,1.7663e-05,2.20523e+06
51591200,1.8565e-05,2.65021e+06
3224451,2.71e-07,1.13471e+07
41917850,1.813e-06,2.20496e+07
52666017,1.252e-06,4.01168e+07
4299268,1.5449e-05,265396
42992667,9.01e-07,4.55061e+07
53740833,9.92e-07,5.16646e+07
5374085,5.21e-07,9.8371e+06
44067484,9.12e-07,4.60812e+07
54815650,9.62e-07,5.43412e+07
6448901,2.4e-07,2.56256e+07
45142300,9.62e-07,4.47516e+07
55890467,1.012e-06,5.26693e+07
7523718,3.7e-07,1.93924e+07
46217117,1.8084e-05,2.4373e+06
56965283,3.4935e-05,1.55507e+06
8598535,3.2e-07,2.56256e+07
47291934,1.162e-06,3.88133e+07
58040100,1.162e-06,4.76346e+07
9673351,1.5609e-05,591020
48366750,9.22e-07,5.00283e+07
59114917,1.001e-06,5.63201e+07
10748168,6.61e-07,1.55072e+07
49441567,1.072e-06,4.39843e+07
60189733,1.573e-06,3.64917e+07
11822985,2.6e-07,4.33665e+07
50516384,8.82e-07,5.46215e+07
12897801,4.3e-07,2.86054e+07
61264550,9.42e-07,6.20238e+07
51591200,2.3865e-05,2.06165e+06
13972618,5.51e-07,2.41839e+07
62339367,1.61e-05,3.69264e+06
52666017,1.203e-06,4.17508e+07
15047434,2.0338e-05,705593
63414183,1.112e-06,5.43853e+07
53740833,8.72e-07,5.87744e+07
16122251,8.71e-07,1.76526e+07
64489000,8.71e-07,7.06102e+07
54815650,1.002e-06,5.21719e+07
17197068,7.11e-07,2.30667e+07
65563816,1.072e-06,5.8327e+07
55890467,1.032e-06,5.16485e+07
18271884,5.71e-07,3.05174e+07
66638633,1.533e-06,4.14557e+07
56965283,6.061e-06,8.96326e+06
19346701,6.92e-07,2.66625e+07
67713450,1.9506e-05,3.3106e+06
20421518,3.366e-06,5.78594e+06
58040100,1.142e-06,4.84688e+07
68788266,1.513e-06,4.33586e+07
21496334,8.12e-07,2.52469e+07
59114917,8.12e-07,6.9429e+07
69863083,7.72e-07,8.63039e+07
22571151,6.92e-07,3.11063e+07
60189733,9.22e-07,6.22575e+07
70937900,9.02e-07,7.50018e+07
23645968,1.002e-06,2.25055e+07
61264550,8.71e-07,6.70797e+07
72012716,1.042e-06,6.59085e+07
24720784,4.51e-07,5.2274e+07
62339367,1.7011e-05,3.49488e+06
73087533,1.8865e-05,3.69476e+06
25795601,1.5439e-05,1.59341e+06
63414183,1.112e-06,5.43853e+07
74162350,1.293e-06,5.46997e+07
26870417,7.11e-07,3.60417e+07
64489000,1.022e-06,6.01776e+07
75237166,9.61e-07,7.46636e+07
27945234,6.31e-07,4.22356e+07
65563816,9.11e-07,6.8635e+07
76311983,1.342e-06,5.42301e+07
29020051,5.61e-07,4.93328e+07
66638633,9.21e-07,6.90028e+07
77386799,1.272e-06,5.80203e+07
30094867,6.21e-07,4.62169e+07
67713450,1.7683e-05,3.6519e+06
31169684,3.797e-06,7.82874e+06
78461616,1.6671e-05,4.48844e+06
68788266,1.022e-06,6.41894e+07
32244501,2.084e-06,1.47556e+07
79536433,1.382e-06,5.48856e+07
69863083,1.262e-06,5.27945e+07
33319317,1.603e-06,1.98227e+07
80611249,9.12e-07,8.42948e+07
70937900,8.52e-07,7.94033e+07
34394134,9.21e-07,3.56143e+07
81686066,1.112e-06,7.00557e+07
72012716,9.12e-07,7.53034e+07
35468951,1.292e-06,2.6181e+07
82760883,1.162e-06,6.79233e+07
73087533,1.634e-05,4.26571e+06
36543767,2.142e-05,1.62702e+06
83835699,1.9146e-05,4.17591e+06
74162350,1.263e-06,5.5999e+07
37618584,1.092e-06,3.28534e+07
84910516,1.333e-06,6.07479e+07
75237166,1.363e-06,5.26425e+07
38693400,1.042e-06,3.54135e+07
85985333,1.543e-06,5.31445e+07
76311983,9.01e-07,8.07733e+07
39768217,1.032e-06,3.67499e+07
87060149,9.52e-07,8.72133e+07
77386799,1.002e-06,7.36545e+07
40843034,9.02e-07,4.31829e+07
88134966,9.92e-07,8.47299e+07
78461616,1.9065e-05,3.92483e+06
41917850,2.2482e-05,1.77813e+06
89209783,1.8995e-05,4.47892e+06
79536433,1.823e-06,4.16083e+07
42992667,1.453e-06,2.82182e+07
90284599,1.082e-06,7.95768e+07
80611249,1.323e-06,5.8108e+07
44067484,8.01e-07,5.2467e+07
91359416,1.182e-06,7.37116e+07
81686066,1.463e-06,5.32481e+07
45142300,8.11e-07,5.30839e+07
92434232,1.182e-06,7.45788e+07
82760883,7.91e-07,9.97812e+07
46217117,7.91e-07,5.5722e+07
93509049,1.132e-06,7.87784e+07
83835699,2.1591e-05,3.70302e+06
47291934,2.124e-05,2.1234e+06
94583866,2.2252e-05,4.05367e+06
84910516,2.835e-06,2.85633e+07
48366750,1.363e-06,3.38416e+07
95658682,1.092e-06,8.35414e+07
85985333,1.523e-06,5.38424e+07
49441567,9.22e-07,5.11401e+07
96733499,1.973e-06,4.67574e+07
50516384,8.82e-07,5.46215e+07
87060149,5.71e-07,1.45406e+08
97808316,1.303e-06,7.15866e+07
51591200,1.463e-06,3.36304e+07
88134966,8.51e-07,9.87686e+07
98883132,1.463e-06,6.44582e+07
52666017,5.891e-06,8.52593e+06
89209783,2.4235e-05,3.5105e+06
99957949,2.8513e-05,3.34329e+06
53740833,1.243e-06,4.12319e+07
90284599,1.233e-06,6.98314e+07
54815650,1.183e-06,4.41896e+07
101032766,1.363e-06,7.06914e+07
91359416,1.132e-06,7.69674e+07
55890467,1.412e-06,3.77488e+07
102107582,1.673e-06,5.82052e+07
92434232,1.433e-06,6.15158e+07
56965283,1.062e-06,5.11547e+07
103182399,1.182e-06,8.32508e+07
93509049,1.222e-06,7.29764e+07
58040100,2.4115e-05,2.29531e+06
104257215,1.062e-06,9.36228e+07
94583866,2.5427e-05,3.5475e+06
59114917,1.753e-06,3.21599e+07
105332032,1.6621e-05,6.04371e+06
95658682,1.102e-06,8.27833e+07
60189733,9.62e-07,5.96688e+07
106406849,1.153e-06,8.80117e+07
96733499,1.062e-06,8.68665e+07
61264550,1.562e-06,3.74049e+07
107481665,1.303e-06,7.86665e+07
97808316,9.32e-07,1.00083e+08
62339367,9.42e-07,6.31119e+07
108556482,1.132e-06,9.14554e+07
98883132,1.633e-06,5.77479e+07
63414183,1.8163e-05,3.32965e+06
109631299,1.373e-06,7.6149e+07
99957949,2.4325e-05,3.9189e+06
64489000,1.202e-06,5.1166e+07
110706115,5.801e-06,1.81999e+07
101032766,1.243e-06,7.7516e+07
65563816,9.02e-07,6.93199e+07
111780932,1.603e-06,6.65019e+07
102107582,1.042e-06,9.34524e+07
66638633,1.332e-06,4.77114e+07
112855749,3.296e-06,3.2654e+07
103182399,1.172e-06,8.39611e+07
67713450,1.553e-06,4.15818e+07
113930565,9.91e-07,1.09639e+08
104257215,1.182e-06,8.4118e+07
68788266,3.3061e-05,1.98426e+06
115005382,1.413e-06,7.76204e+07
105332032,4.198e-06,2.39286e+07
69863083,1.653e-06,4.03065e+07
116080198,2.7391e-05,4.04157e+06
70937900,1.873e-06,3.61194e+07
106406849,8.42e-07,1.2052e+08
117155015,1.733e-06,6.44707e+07
72012716,1.222e-06,5.62002e+07
107481665,9.12e-07,1.12393e+08
118229832,1.593e-06,7.07801e+07
73087533,1.382e-06,5.04354e+07
108556482,1.112e-06,9.31003e+07
119304648,1.452e-06,7.83594e+07
74162350,2.9085e-05,2.43173e+06
109631299,9.92e-07,1.05396e+08
120379465,1.323e-06,8.67746e+07
75237166,8.02e-07,8.9466e+07
110706115,1.9046e-05,5.54329e+06
76311983,1.373e-06,5.30057e+07
121454282,6.452e-06,1.79522e+07
111780932,1.262e-06,8.44712e+07
77386799,1.363e-06,5.41466e+07
122529098,1.262e-06,9.25934e+07
112855749,9.91e-07,1.08605e+08
78461616,9.31e-07,8.03725e+07
123603915,1.022e-06,1.1534e+08
113930565,9.62e-07,1.12945e+08
79536433,1.7784e-05,4.26517e+06
124678732,1.252e-06,9.49704e+07
115005382,1.292e-06,8.48898e+07
80611249,1.052e-06,7.30769e+07
125753548,1.363e-06,8.79882e+07
116080198,2.2431e-05,4.93525e+06
81686066,1.012e-06,7.69782e+07
126828365,1.9887e-05,6.08201e+06
117155015,1.493e-06,7.48344e+07
82760883,9.92e-07,7.95634e+07
127903181,2.415e-06,5.05085e+07
118229832,9.62e-07,1.17207e+08
83835699,9.81e-07,8.15005e+07
128977998,1.512e-06,8.13512e+07
119304648,1.132e-06,1.0051e+08
84910516,1.9657e-05,4.1195e+06
130052815,1.332e-06,9.31141e+07
120379465,8.61e-07,1.33337e+08
85985333,1.563e-06,5.24645e+07
131127631,1.572e-06,7.95503e+07
121454282,2.0118e-05,5.75742e+06
87060149,9.62e-07,8.63067e+07
132202448,2.2842e-05,5.51957e+06
122529098,1.312e-06,8.90647e+07
88134966,9.02e-07,9.31841e+07
133277265,1.673e-06,7.59732e+07
123603915,9.72e-07,1.21274e+08
89209783,1.072e-06,7.93629e+07
134352081,1.462e-06,8.76389e+07
124678732,1.743e-06,6.82174e+07
90284599,1.9957e-05,4.31438e+06
135426898,1.543e-06,8.37026e+07
125753548,1.232e-06,9.73441e+07
91359416,1.222e-06,7.12988e+07
136501715,1.463e-06,8.89803e+07
126828365,7.815e-06,1.5477e+07
92434232,9.92e-07,8.88631e+07
137576531,3.0266e-05,4.335e+06
127903181,1.012e-06,1.20532e+08
93509049,9.92e-07,8.98963e+07
138651348,1.653e-06,7.99929e+07
94583866,1.343e-06,6.71647e+07
128977998,1.052e-06,1.16923e+08
139726165,9.32e-07,1.42976e+08
95658682,6.142e-06,1.4853e+07
130052815,9.92e-07,1.25028e+08
140800981,1.563e-06,8.59106e+07
96733499,2.424e-06,3.80579e+07
131127631,1.042e-06,1.20013e+08
141875798,1.784e-06,7.58427e+07
97808316,1.052e-06,8.86666e+07
132202448,2.3203e-05,5.4337e+06
142950614,2.4155e-05,5.6439e+06
98883132,1.393e-06,6.76973e+07
133277265,1.253e-06,1.01439e+08
144025431,1.162e-06,1.18204e+08
99957949,1.352e-06,7.05084e+07
134352081,1.042e-06,1.22964e+08
101032766,5.31e-06,1.81455e+07
145100248,1.152e-06,1.2012e+08
135426898,1.102e-06,1.17199e+08
102107582,1.533e-06,6.35208e+07
146175064,9.41e-07,1.48144e+08
136501715,1.262e-06,1.03152e+08
103182399,1.443e-06,6.81929e+07
147249881,1.362e-06,1.03105e+08
137576531,1.4978e-05,8.75973e+06
104257215,1.754e-06,5.66861e+07
148324698,2.4466e-05,5.78163e+06
138651348,2.986e-06,4.42827e+07
105332032,1.714e-06,5.8607e+07
149399514,1.273e-06,1.11923e+08
139726165,8.82e-07,1.51081e+08
106406849,2.5728e-05,3.94424e+06
150474331,9.92e-07,1.44661e+08
140800981,9.11e-07,1.47397e+08
107481665,1.233e-06,8.31326e+07
151549148,1.363e-06,1.06037e+08
141875798,9.22e-07,1.4675e+08
108556482,1.082e-06,9.56816e+07
152623964,1.213e-06,1.19995e+08
142950614,1.9416e-05,7.02144e+06
109631299,1.152e-06,9.07574e+07
153698781,2.3363e-05,6.27396e+06
144025431,1.473e-06,9.32474e+07
110706115,9.72e-07,1.08619e+08
154773597,1.503e-06,9.8206e+07
145100248,1.373e-06,1.00785e+08
111780932,2.1289e-05,5.0074e+06
155848414,1.022e-06,1.45429e+08
146175064,1.382e-06,1.00871e+08
112855749,1.082e-06,9.9471e+07
156923231,9.12e-07,1.64094e+08
147249881,1.382e-06,1.01612e+08
113930565,1.363e-06,7.97158e+07
157998047,1.342e-06,1.12279e+08
148324698,1.6992e-05,8.32471e+06
115005382,9.22e-07,1.18956e+08
159072864,2.1931e-05,6.91732e+06
149399514,1.653e-06,8.61939e+07
116080198,9.52e-07,1.16284e+08
160147681,1.253e-06,1.2189e+08
150474331,9.92e-07,1.44661e+08
117155015,2.2251e-05,5.02125e+06
161222497,1.332e-06,1.15431e+08
151549148,1.532e-06,9.43398e+07
118229832,1.453e-06,7.76e+07
162297314,1.493e-06,1.0367e+08
152623964,1.643e-06,8.85901e+07
119304648,8.42e-07,1.35128e+08
163372131,9.82e-07,1.5866e+08
153698781,6.392e-06,2.29316e+07
120379465,1.002e-06,1.14574e+08
164446947,2.0518e-05,7.64348e+06
154773597,1.192e-06,1.23829e+08
121454282,1.102e-06,1.05107e+08
165521764,1.593e-06,9.90922e+07
155848414,1.253e-06,1.18618e+08
122529098,2.0258e-05,5.76823e+06
166596580,2.504e-06,6.345e+07
156923231,8.61e-07,1.73814e+08
123603915,1.223e-06,9.63842e+07
167671397,9.72e-07,1.6451e+08
157998047,1.192e-06,1.26408e+08
124678732,9.12e-07,1.30376e+08
168746214,1.052e-06,1.52974e+08
159072864,4.018e-06,3.7756e+07
125753548,1.172e-06,1.02328e+08
169821030,1.8835e-05,8.59856e+06
160147681,3.286e-06,4.64786e+07
126828365,1.233e-06,9.80965e+07
170895847,1.743e-06,9.35049e+07
161222497,9.32e-07,1.64972e+08
127903181,2.5127e-05,4.85446e+06
171970664,1.052e-06,1.55897e+08
162297314,9.42e-07,1.64309e+08
128977998,2.014e-06,6.1074e+07
173045480,1.022e-06,1.61477e+08
163372131,1.312e-06,1.18753e+08
130052815,9.42e-07,1.31665e+08
174120297,1.032e-06,1.60905e+08
164446947,1.2463e-05,1.25836e+07
131127631,8.72e-07,1.43409e+08
175195114,2.3854e-05,7.00424e+06
165521764,1.873e-06,8.42786e+07
132202448,9.72e-07,1.2971e+08
176269930,1.633e-06,1.02942e+08
166596580,2.354e-06,6.74932e+07
133277265,2.3204e-05,5.47764e+06
177344747,1.543e-06,1.09611e+08
167671397,2.385e-06,6.70457e+07
134352081,1.433e-06,8.94125e+07
178419564,2.384e-06,7.13734e+07
168746214,1.322e-06,1.21731e+08
135426898,8.61e-07,1.50004e+08
179494380,1.193e-06,1.43486e+08
169821030,2.167e-05,7.47365e+06
136501715,1.273e-06,1.02261e+08
180569197,2.128e-05,8.0923e+06
170895847,1.302e-06,1.25176e+08
137576531,2.254e-06,5.82091e+07
181644013,1.122e-06,1.54393e+08
171970664,9.22e-07,1.77879e+08
138651348,2.2683e-05,5.8294e+06
182718830,1.353e-06,1.28791e+08
173045480,1.533e-06,1.07651e+08
139726165,1.433e-06,9.2989e+07
183793647,9.72e-07,1.80328e+08
174120297,1.252e-06,1.32631e+08
140800981,1.203e-06,1.1162e+08
184868463,1.142e-06,1.54382e+08
175195114,2.4596e-05,6.79294e+06
141875798,1.002e-06,1.35033e+08
185943280,2.2973e-05,7.71903e+06
176269930,1.914e-06,8.78287e+07
142950614,9.62e-07,1.41713e+08
187018097,1.562e-06,1.14183e+08
177344747,1.733e-06,9.75933e+07
144025431,2.136e-05,6.4304e+06
188092913,9.01e-07,1.99089e+08
178419564,2.615e-06,6.50685e+07
145100248,1.603e-06,8.63246e+07
189167730,1.442e-06,1.25107e+08
179494380,1.512e-06,1.13214e+08
146175064,1.312e-06,1.06253e+08
190242547,1.302e-06,1.39347e+08
180569197,7.2054e-05,2.38993e+06
147249881,1.133e-06,1.23944e+08
191317363,3.3783e-05,5.40078e+06
181644013,1.442e-06,1.20131e+08
148324698,9.62e-07,1.47041e+08
192392180,1.363e-06,1.34614e+08
182718830,1.623e-06,1.07366e+08
149399514,2.6369e-05,5.40326e+06
193466996,1.272e-06,1.45051e+08
183793647,1.252e-06,1.39999e+08
150474331,1.573e-06,9.12292e+07
194541813,1.342e-06,1.38249e+08
184868463,9.51e-07,1.85388e+08
151549148,1.262e-06,1.14523e+08
195616630,1.122e-06,1.6627e+08
185943280,2.6639e-05,6.65676e+06
152623964,1.352e-06,1.07658e+08
196691446,2.7401e-05,6.84572e+06
187018097,1.493e-06,1.1946e+08
153698781,1.433e-06,1.02288e+08
197766263,1.483e-06,1.27178e+08
188092913,1.182e-06,1.51759e+08
154773597,1.8174e-05,8.12169e+06
198841080,1.123e-06,1.6886e+08
189167730,1.112e-06,1.62234e+08
155848414,1.402e-06,1.06012e+08
199915896,1.263e-06,1.50954e+08
190242547,1.072e-06,1.69244e+08
156923231,1.242e-06,1.20494e+08
200990713,1.082e-06,1.77153e+08
191317363,2.4575e-05,7.42439e+06
157998047,8.22e-07,1.83307e+08
202065530,2.717e-05,7.09255e+06
192392180,1.473e-06,1.24562e+08
159072864,1.042e-06,1.45589e+08
203140346,1.633e-06,1.18634e+08
193466996,9.52e-07,1.93807e+08
160147681,2.0067e-05,7.61094e+06
204215163,9.82e-07,1.98325e+08
194541813,2.184e-06,8.49494e+07
161222497,1.353e-06,1.13639e+08
205289979,1.463e-06,1.33821e+08
195616630,9.62e-07,1.93924e+08
162297314,8.22e-07,1.88295e+08
206364796,1.393e-06,1.41281e+08
196691446,3.2681e-05,5.73971e+06
163372131,8.41e-07,1.8526e+08
207439613,2.2522e-05,8.78385e+06
197766263,1.002e-06,1.88228e+08
164446947,8.82e-07,1.7781e+08
208514429,1.122e-06,1.77232e+08
198841080,1.463e-06,1.29617e+08
165521764,2.0258e-05,7.79217e+06
209589246,1.442e-06,1.38613e+08
199915896,1.573e-06,1.21204e+08
166596580,2.114e-06,7.51556e+07
210664063,9.41e-07,2.13501e+08
200990713,9.71e-07,1.97404e+08
167671397,1.353e-06,1.18185e+08
211738879,1.853e-06,1.08975e+08
202065530,8.105e-06,2.3776e+07
168746214,1.203e-06,1.33773e+08
212813696,1.7572e-05,1.15499e+07
203140346,1.272e-06,1.52303e+08
169821030,1.242e-06,1.30398e+08
213888513,1.954e-06,1.04391e+08
204215163,1.443e-06,1.34965e+08
170895847,2.708e-05,6.01843e+06
214963329,1.022e-06,2.00592e+08
205289979,1.463e-06,1.33821e+08
171970664,1.122e-06,1.46171e+08
216038146,1.082e-06,1.90416e+08
206364796,1.162e-06,1.69367e+08
173045480,9.31e-07,1.7726e+08
217112963,9.52e-07,2.17495e+08
207439613,2.0458e-05,9.67005e+06
174120297,1.012e-06,1.64085e+08
218187779,2.7501e-05,7.56627e+06
208514429,2.054e-06,9.68135e+07
175195114,9.02e-07,1.85232e+08
219262596,2.074e-06,1.00822e+08
209589246,2.344e-06,8.5273e+07
176269930,2.1901e-05,7.67564e+06
220337412,1.212e-06,1.73375e+08
210664063,2.064e-06,9.73376e+07
177344747,1.082e-06,1.56312e+08
221412229,1.052e-06,2.00718e+08
211738879,1.763e-06,1.14538e+08
178419564,1.042e-06,1.63296e+08
222487046,1.112e-06,1.9081e+08
212813696,3.6959e-05,5.49135e+06
179494380,1.613e-06,1.06125e+08
223561862,2.2862e-05,9.32575e+06
213888513,1.592e-06,1.28128e+08
180569197,1.242e-06,1.38651e+08
224636679,2.494e-06,8.58982e+07
214963329,1.382e-06,1.48339e+08
181644013,1.9897e-05,8.7063e+06
225711496,1.833e-06,1.17433e+08
216038146,9.72e-07,2.11965e+08
182718830,1.573e-06,1.10778e+08
226786312,1.092e-06,1.98059e+08
217112963,2.385e-06,8.68155e+07
183793647,1.272e-06,1.37798e+08
227861129,9.92e-07,2.19058e+08
218187779,2.0688e-05,1.0058e+07
184868463,9.72e-07,1.81383e+08
228935946,1.8724e-05,1.16605e+07
219262596,1.292e-06,1.61846e+08
185943280,9.72e-07,1.82438e+08
230010762,1.202e-06,1.82492e+08
220337412,1.102e-06,1.90681e+08
187018097,2.6589e-05,6.70782e+06
231085579,9.22e-07,2.39024e+08
221412229,1.132e-06,1.86533e+08
188092913,1.462e-06,1.22695e+08
232160395,1.112e-06,1.99106e+08
222487046,9.31e-07,2.27906e+08
189167730,1.333e-06,1.35337e+08
233235212,9.31e-07,2.38916e+08
223561862,2.5838e-05,8.25161e+06
190242547,1.282e-06,1.41521e+08
234310029,2.145e-05,1.04175e+07
224636679,2.374e-06,9.02402e+07
191317363,1.372e-06,1.32984e+08
235384845,1.824e-06,1.2307e+08
225711496,1.132e-06,1.90155e+08
192392180,2.0048e-05,9.15201e+06
236459662,1.192e-06,1.89182e+08
226786312,1.453e-06,1.48851e+08
193466996,1.503e-06,1.22757e+08
237534479,1.383e-06,1.63796e+08
227861129,1.132e-06,1.91966e+08
194541813,1.182e-06,1.56962e+08
238609295,1.312e-06,1.73442e+08
228935946,2.0037e-05,1.08964e+07
195616630,9.72e-07,1.91929e+08
239684112,2.0088e-05,1.1379e+07
230010762,2.334e-06,9.39826e+07
196691446,9.22e-07,2.03449e+08
240758929,1.312e-06,1.75004e+08
231085579,2.335e-06,9.43813e+07
197766263,1.8164e-05,1.03834e+07
241833745,1.012e-06,2.27896e+08
232160395,1.353e-06,1.6364e+08
198841080,1.272e-06,1.4908e+08
242908562,9.72e-07,2.38329e+08
233235212,1.052e-06,2.11436e+08
199915896,3.286e-06,5.80203e+07
243983378,1.072e-06,2.17053e+08
234310029,2.5418e-05,8.79123e+06
200990713,9.32e-07,2.05665e+08
245058195,1.9616e-05,1.1914e+07
235384845,1.493e-06,1.50355e+08
202065530,1.262e-06,1.52698e+08
246133012,1.343e-06,1.74781e+08
236459662,1.734e-06,1.30049e+08
203140346,2.3513e-05,8.23926e+06
247207828,1.753e-06,1.34487e+08
237534479,1.412e-06,1.60432e+08
204215163,1.112e-06,1.75139e+08
248282645,9.62e-07,2.46134e+08
238609295,2.465e-06,9.23146e+07
205289979,1.273e-06,1.53794e+08
249357462,2.064e-06,1.15216e+08
239684112,2.1951e-05,1.04132e+07
206364796,1.443e-06,1.36386e+08
250432278,2.3023e-05,1.03736e+07
240758929,2.234e-06,1.02778e+08
207439613,1.302e-06,1.51943e+08
251507095,1.603e-06,1.49629e+08
241833745,1.102e-06,2.09284e+08
208514429,2.0788e-05,9.56585e+06
252581912,9.82e-07,2.45296e+08
242908562,1.242e-06,1.86518e+08
209589246,1.212e-06,1.64917e+08
253656728,1.483e-06,1.63119e+08
243983378,9.31e-07,2.49926e+08
210664063,1.332e-06,1.5083e+08
254731545,1.132e-06,2.14603e+08
245058195,2.0869e-05,1.11987e+07
211738879,1.002e-06,2.01527e+08
255806361,2.4797e-05,9.83812e+06
246133012,1.913e-06,1.22703e+08
212813696,1.172e-06,1.7317e+08
256881178,1.783e-06,1.37398e+08
247207828,1.002e-06,2.35285e+08
213888513,2.1159e-05,9.64034e+06
257955995,1.222e-06,2.01314e+08
248282645,1.383e-06,1.71208e+08
214963329,1.573e-06,1.30327e+08
259030811,9.02e-07,2.7387e+08
249357462,1.072e-06,2.21834e+08
216038146,1.473e-06,1.39871e+08
260105628,1.353e-06,1.83338e+08
250432278,2.5578e-05,9.33735e+06
217112963,1.313e-06,1.57696e+08
261180445,2.1751e-05,1.14515e+07
251507095,1.202e-06,1.99547e+08
218187779,1.713e-06,1.21471e+08
262255261,1.322e-06,1.89188e+08
252581912,1.072e-06,2.24702e+08
219262596,1.5129e-05,1.38215e+07
263330078,1.764e-06,1.42365e+08
253656728,1.353e-06,1.78792e+08
220337412,1.282e-06,1.63908e+08
264404895,9.62e-07,2.62117e+08
254731545,1.443e-06,1.68351e+08
221412229,1.062e-06,1.98828e+08
265479711,1.222e-06,2.07186e+08
255806361,1.9887e-05,1.22671e+07
222487046,1.223e-06,1.73492e+08
266554528,2.6058e-05,9.7554e+06
256881178,1.853e-06,1.32208e+08
223561862,1.052e-06,2.02667e+08
267629345,1.362e-06,1.87394e+08
257955995,1.843e-06,1.33481e+08
224636679,3.1699e-05,6.75826e+06
268704161,9.02e-07,2.84098e+08
259030811,1.132e-06,2.18225e+08
225711496,1.112e-06,1.93575e+08
269778978,1.142e-06,2.2529e+08
260105628,1.533e-06,1.61811e+08
226786312,1.022e-06,2.11625e+08
270853794,9.01e-07,2.86688e+08
261180445,1.7653e-05,1.41098e+07
227861129,1.412e-06,1.53899e+08
271928611,2.9254e-05,8.86482e+06
262255261,1.472e-06,1.69909e+08
228935946,1.583e-06,1.37922e+08
273003428,1.503e-06,1.73224e+08
263330078,1.313e-06,1.91265e+08
230010762,2.5347e-05,8.6541e+06
274078244,9.12e-07,2.86602e+08
264404895,1.222e-06,2.06347e+08
231085579,1.844e-06,1.19512e+08
275153061,9.92e-07,2.64523e+08
265479711,1.052e-06,2.40667e+08
232160395,9.62e-07,2.30151e+08
276227878,9.82e-07,2.6826e+08
266554528,6.382e-06,3.98317e+07
233235212,1.713e-06,1.29848e+08
277302694,2.5437e-05,1.03965e+07
267629345,1.773e-06,1.43954e+08
234310029,1.102e-06,2.02773e+08
278377511,1.222e-06,2.17252e+08
268704161,1.222e-06,2.09702e+08
235384845,2.9545e-05,7.59792e+06
279452328,9.52e-07,2.79944e+08
269778978,9.12e-07,2.82107e+08
236459662,1.834e-06,1.22958e+08
280527144,1.012e-06,2.64359e+08
270853794,9.92e-07,2.60389e+08
237534479,1.373e-06,1.64989e+08
281601961,9.41e-07,2.85395e+08
271928611,2.3133e-05,1.12104e+07
238609295,1.222e-06,1.86216e+08
282676777,2.102e-05,1.2825e+07
273003428,1.322e-06,1.96941e+08
239684112,1.503e-06,1.52083e+08
283751594,1.213e-06,2.23089e+08
274078244,1.593e-06,1.64081e+08
240758929,2.723e-05,8.43208e+06
284826411,1.062e-06,2.55774e+08
275153061,1.052e-06,2.49436e+08
241833745,1.693e-06,1.36226e+08
285901227,1.342e-06,2.03172e+08
276227878,1.262e-06,2.08741e+08
242908562,1.142e-06,2.02851e+08
286976044,1.403e-06,1.95069e+08
277302694,2.8473e-05,9.28797e+06
243983378,2.023e-06,1.15018e+08
288050861,2.0157e-05,1.36284e+07
278377511,1.643e-06,1.61583e+08
245058195,1.263e-06,1.8504e+08
289125677,1.763e-06,1.56399e+08
279452328,1.733e-06,1.53783e+08
246133012,2.5958e-05,9.04271e+06
290200494,9.52e-07,2.90711e+08
280527144,1.362e-06,1.96426e+08
247207828,1.402e-06,1.68157e+08
291275311,1.553e-06,1.78868e+08
281601961,1.152e-06,2.33122e+08
248282645,1.062e-06,2.22957e+08
292350127,1.242e-06,2.24482e+08
282676777,5.4432e-05,4.95263e+06
249357462,1.232e-06,1.93024e+08
293424944,2.703e-05,1.03526e+07
283751594,1.693e-06,1.59839e+08
250432278,1.453e-06,1.64371e+08
294499760,1.182e-06,2.37612e+08
284826411,1.222e-06,2.22284e+08
251507095,2.3574e-05,1.01746e+07
295574577,1.553e-06,1.81508e+08
285901227,1.352e-06,2.01669e+08
252581912,1.322e-06,1.82209e+08
296649394,1.322e-06,2.13999e+08
286976044,1.032e-06,2.65195e+08
253656728,1.382e-06,1.7504e+08
297724210,1.082e-06,2.62414e+08
288050861,2.681e-05,1.02464e+07
254731545,1.102e-06,2.20445e+08
298799027,2.145e-05,1.32847e+07
289125677,1.282e-06,2.15079e+08
255806361,9.11e-07,2.67789e+08
299873844,1.573e-06,1.81807e+08
290200494,1.432e-06,1.93266e+08
256881178,2.3714e-05,1.03306e+07
300948660,1.052e-06,2.7282e+08
291275311,1.202e-06,2.311e+08
257955995,1.152e-06,2.13547e+08
302023477,1.433e-06,2.00999e+08
292350127,1.634e-06,1.70628e+08
259030811,9.82e-07,2.51559e+08
303098294,2.935e-06,9.84862e+07
293424944,2.6218e-05,1.06733e+07
260105628,1.132e-06,2.19131e+08
304173110,2.173e-05,1.33494e+07
294499760,2.204e-06,1.27431e+08
261180445,1.663e-06,1.49778e+08
305247927,1.353e-06,2.15157e+08
295574577,1.362e-06,2.06962e+08
262255261,2.0699e-05,1.2083e+07
306322744,1.693e-06,1.72553e+08
296649394,1.152e-06,2.45579e+08
263330078,2.014e-06,1.24693e+08
307397560,1.683e-06,1.74187e+08
297724210,1.973e-06,1.43909e+08
264404895,1.152e-06,2.18886e+08
308472377,1.092e-06,2.69398e+08
298799027,5.019e-06,5.67756e+07
265479711,1.673e-06,1.51334e+08
309547193,1.9326e-05,1.52751e+07
299873844,1.102e-06,2.59512e+08
266554528,1.152e-06,2.20665e+08
310622010,1.533e-06,1.93237e+08
300948660,9.52e-07,3.01478e+08
267629345,2.5277e-05,1.00974e+07
311696827,9.82e-07,3.02706e+08
302023477,1.343e-06,2.14469e+08
268704161,1.913e-06,1.33955e+08
312771643,1.152e-06,2.58926e+08
303098294,1.172e-06,2.46636e+08
269778978,1.072e-06,2.40001e+08
313846460,1.052e-06,2.84513e+08
304173110,4.4503e-05,6.51826e+06
270853794,1.363e-06,1.89513e+08
314921277,3.6358e-05,8.26042e+06
305247927,1.263e-06,2.30489e+08
271928611,1.422e-06,1.82371e+08
315996093,1.713e-06,1.75924e+08
306322744,1.352e-06,2.16074e+08
273003428,1.8795e-05,1.38524e+07
317070910,1.573e-06,1.92233e+08
307397560,9.62e-07,3.04737e+08
274078244,1.483e-06,1.76252e+08
318145727,1.273e-06,2.3834e+08
308472377,1.353e-06,2.1743e+08
275153061,1.743e-06,1.50549e+08
319220543,1.433e-06,2.12444e+08
309547193,2.4736e-05,1.19343e+07
276227878,9.22e-07,2.85717e+08
320295360,2.5448e-05,1.20032e+07
310622010,1.572e-06,1.88443e+08
277302694,1.193e-06,2.21673e+08
321370176,2.074e-06,1.47774e+08
311696827,1.173e-06,2.53416e+08
278377511,2.0658e-05,1.28513e+07
322444993,1.032e-06,2.97972e+08
312771643,2.795e-06,1.0672e+08
279452328,1.553e-06,1.71608e+08
323519810,9.22e-07,3.34634e+08
313846460,1.503e-06,1.9914e+08
280527144,2.134e-06,1.25366e+08
324594626,9.22e-07,3.35746e+08
314921277,6.672e-06,4.50138e+07
281601961,1.754e-06,1.53111e+08
325669443,1.8113e-05,1.71469e+07
315996093,2.425e-06,1.24271e+08
282676777,1.673e-06,1.61137e+08
326744260,1.233e-06,2.52723e+08
317070910,1.343e-06,2.25154e+08
283751594,2.2111e-05,1.22386e+07
327819076,1.423e-06,2.197e+08
318145727,1.613e-06,1.88101e+08
284826411,2.624e-06,1.03518e+08
328893893,1.062e-06,2.95346e+08
319220543,1.092e-06,2.78784e+08
285901227,1.433e-06,1.9027e+08
329968710,1.132e-06,2.77988e+08
320295360,2.2623e-05,1.35021e+07
286976044,8.22e-07,3.32946e+08
331043526,2.2331e-05,1.41376e+07
321370176,1.382e-06,2.21767e+08
288050861,1.112e-06,2.47038e+08
332118343,2.285e-06,1.38614e+08
322444993,1.403e-06,2.19179e+08
289125677,2.5958e-05,1.06222e+07
333193159,7.81e-07,4.0686e+08
323519810,9.62e-07,3.2072e+08
290200494,1.282e-06,2.15879e+08
334267976,9.82e-07,3.24626e+08
324594626,9.92e-07,3.12054e+08
291275311,1.062e-06,2.61565e+08
335342793,1.353e-06,2.36369e+08
325669443,2.702e-05,1.14945e+07
292350127,1.293e-06,2.15628e+08
336417609,2.4816e-05,1.29285e+07
326744260,1.302e-06,2.3933e+08
293424944,1.944e-06,1.43946e+08
337492426,1.233e-06,2.61036e+08
327819076,1.413e-06,2.21255e+08
294499760,2.2712e-05,1.2366e+07
338567243,1.122e-06,2.87774e+08
328893893,1.102e-06,2.84626e+08
295574577,1.673e-06,1.68489e+08
339642059,1.523e-06,2.12678e+08
329968710,3.577e-06,8.79739e+07
296649394,2.846e-06,9.94051e+07
340716876,1.052e-06,3.08872e+08
331043526,2.4145e-05,1.30755e+07
297724210,1.082e-06,2.62414e+08
341791693,2.4676e-05,1.32095e+07
332118343,1.513e-06,2.09341e+08
298799027,1.583e-06,1.80011e+08
342866509,1.453e-06,2.2504e+08
333193159,1.042e-06,3.0495e+08
299873844,1.9536e-05,1.46387e+07
343941326,1.663e-06,1.97239e+08
334267976,1.132e-06,2.8161e+08
300948660,2.104e-06,1.3641e+08
345016143,1.503e-06,2.18918e+08
335342793,1.613e-06,1.98269e+08
302023477,1.323e-06,2.17711e+08
346090959,9.82e-07,3.36108e+08
336417609,1.7573e-05,1.82571e+07
303098294,1.072e-06,2.69643e+08
347165776,1.8334e-05,1.80584e+07
337492426,2.635e-06,1.22147e+08
304173110,1.273e-06,2.27873e+08
348240592,1.222e-06,2.71774e+08
338567243,1.162e-06,2.77868e+08
305247927,2.2121e-05,1.31598e+07
349315409,9.72e-07,3.4273e+08
339642059,1.212e-06,2.67251e+08
306322744,1.723e-06,1.69549e+08
350390226,1.532e-06,2.18119e+08
340716876,9.52e-07,3.41316e+08
307397560,9.11e-07,3.21797e+08
351465042,2.304e-06,1.45479e+08
341791693,2.67e-05,1.22082e+07
308472377,1.372e-06,2.14419e+08
352539859,2.3053e-05,1.45841e+07
342866509,1.643e-06,1.99016e+08
309547193,9.82e-07,3.00618e+08
353614676,1.332e-06,2.53178e+08
343941326,2.294e-06,1.42985e+08
310622010,2.4035e-05,1.2325e+07
354689492,1.102e-06,3.06949e+08
345016143,1.873e-06,1.75672e+08
311696827,1.773e-06,1.67658e+08
355764309,1.062e-06,3.19476e+08
346090959,1.312e-06,2.51569e+08
312771643,1.212e-06,2.46107e+08
356839126,1.062e-06,3.20441e+08
347165776,3.1929e-05,1.03694e+07
313846460,9.72e-07,3.07929e+08
357913942,2.4155e-05,1.4131e+07
348240592,1.673e-06,1.98511e+08
314921277,1.282e-06,2.34269e+08
358988759,1.152e-06,2.97186e+08
349315409,1.683e-06,1.9794e+08
315996093,2.4886e-05,1.21095e+07
360063575,1.152e-06,2.98076e+08
350390226,2.013e-06,1.66e+08
317070910,2.124e-06,1.42365e+08
361138392,1.312e-06,2.62506e+08
351465042,1.212e-06,2.76554e+08
318145727,1.102e-06,2.75324e+08
362213209,1.012e-06,3.41337e+08
352539859,2.6579e-05,1.26494e+07
319220543,1.102e-06,2.76254e+08
363288025,2.2161e-05,1.56337e+07
353614676,1.372e-06,2.45797e+08
320295360,1.142e-06,2.67476e+08
364362842,2.314e-06,1.50166e+08
354689492,1.533e-06,2.20651e+08
321370176,2.9275e-05,1.04691e+07
365437659,1.532e-06,2.27486e+08
355764309,2.144e-06,1.58248e+08
322444993,1.313e-06,2.34202e+08
366512475,1.243e-06,2.81202e+08
356839126,1.653e-06,2.05873e+08
323519810,1.002e-06,3.07917e+08
367587292,9.32e-07,3.76136e+08
357913942,2.5998e-05,1.31292e+07
324594626,1.323e-06,2.33982e+08
368662109,2.4265e-05,1.44893e+07
358988759,1.152e-06,2.97186e+08
325669443,1.122e-06,2.76812e+08
369736925,2.094e-06,1.6839e+08
360063575,1.673e-06,2.0525e+08
326744260,2.8763e-05,1.08336e+07
370811742,9.32e-07,3.79435e+08
361138392,1.372e-06,2.51027e+08
327819076,1.563e-06,2.00021e+08
371886558,1.563e-06,2.26909e+08
362213209,1.373e-06,2.5159e+08
328893893,1.433e-06,2.18882e+08
372961375,1.763e-06,2.01749e+08
363288025,3.224e-05,1.07462e+07
329968710,1.322e-06,2.38035e+08
374036192,2.0598e-05,1.73176e+07
364362842,1.352e-06,2.57014e+08
331043526,1.333e-06,2.3684e+08
375111008,2.073e-06,1.72568e+08
365437659,1.853e-06,1.88078e+08
332118343,2.5989e-05,1.21872e+07
376185825,1.222e-06,2.93583e+08
366512475,3.036e-06,1.1513e+08
333193159,2.104e-06,1.51026e+08
377260642,1.282e-06,2.80643e+08
367587292,1.182e-06,2.96581e+08
334267976,1.383e-06,2.30501e+08
378335458,1.363e-06,2.64717e+08
368662109,2.7221e-05,1.29159e+07
335342793,8.62e-07,3.71007e+08
379410275,2.3434e-05,1.54405e+07
369736925,2.665e-06,1.32311e+08
336417609,1.002e-06,3.20192e+08
380485092,1.132e-06,3.20547e+08
370811742,1.012e-06,3.4944e+08
337492426,2.4385e-05,1.3199e+07
381559908,1.593e-06,2.28427e+08
371886558,1.102e-06,3.21832e+08
338567243,1.292e-06,2.49909e+08
382634725,1.102e-06,3.31133e+08
372961375,3.867e-06,9.19792e+07
339642059,1.743e-06,1.85834e+08
383709541,1.172e-06,3.1223e+08
374036192,2.72e-05,1.31143e+07
340716876,1.583e-06,2.05264e+08
384784358,2.8673e-05,1.27981e+07
375111008,1.232e-06,2.90368e+08
341791693,1.012e-06,3.22093e+08
385859175,1.172e-06,3.1398e+08
376185825,1.022e-06,3.51036e+08
342866509,3.2921e-05,9.93235e+06
386933991,1.062e-06,3.47466e+08
377260642,1.493e-06,2.4098e+08
343941326,1.462e-06,2.24356e+08
388008808,1.794e-06,2.06262e+08
378335458,1.262e-06,2.85902e+08
345016143,1.794e-06,1.83407e+08
389083625,1.532e-06,2.42206e+08
379410275,3.3252e-05,1.08816e+07
346090959,1.022e-06,3.22953e+08
390158441,1.8905e-05,1.96818e+07
380485092,1.533e-06,2.36699e+08
347165776,1.523e-06,2.17389e+08
391233258,2.304e-06,1.6194e+08
381559908,1.162e-06,3.13153e+08
348240592,2.7131e-05,1.22409e+07
392308075,1.233e-06,3.03434e+08
382634725,9.92e-07,3.67852e+08
349315409,1.443e-06,2.30861e+08
393382891,1.172e-06,3.20102e+08
383709541,1.202e-06,3.04438e+08
350390226,1.363e-06,2.45164e+08
394457708,1.533e-06,2.45391e+08
384784358,2.2412e-05,1.63733e+07
351465042,1.152e-06,2.90958e+08
395532525,2.3694e-05,1.592e+07
385859175,1.653e-06,2.22616e+08
352539859,1.262e-06,2.66409e+08
396607341,1.323e-06,2.85891e+08
386933991,9.52e-07,3.87615e+08
353614676,2.3504e-05,1.43479e+07
397682158,1.263e-06,3.00284e+08
388008808,9.52e-07,3.88691e+08
354689492,2.114e-06,1.60009e+08
398756974,1.433e-06,2.65376e+08
389083625,1.253e-06,2.96137e+08
355764309,1.163e-06,2.91731e+08
399831791,1.293e-06,2.94903e+08
390158441,2.2652e-05,1.64261e+07
356839126,1.613e-06,2.10978e+08
400906608,2.2422e-05,1.70517e+07
391233258,1.303e-06,2.86346e+08
357913942,1.312e-06,2.60163e+08
401981424,1.313e-06,2.91972e+08
392308075,2.344e-06,1.59614e+08
358988759,2.5237e-05,1.35657e+07
403056241,1.082e-06,3.55254e+08
393382891,1.232e-06,3.04512e+08
360063575,1.352e-06,2.53982e+08
404131058,1.342e-06,2.8719e+08
394457708,2.094e-06,1.79649e+08
361138392,1.733e-06,1.98735e+08
405205874,1.242e-06,3.11139e+08
395532525,8.476e-06,4.45032e+07
362213209,2.234e-06,1.54626e+08
406280691,2.0188e-05,1.91926e+07
396607341,1.483e-06,2.55047e+08
363288025,1.723e-06,2.01079e+08
407355508,2.385e-06,1.62887e+08
397682158,1.663e-06,2.28057e+08
364362842,3.2811e-05,1.05905e+07
408430324,1.172e-06,3.32346e+08
398756974,2.915e-06,1.30458e+08
365437659,1.422e-06,2.45083e+08
409505141,9.01e-07,4.33446e+08
399831791,1.262e-06,3.02147e+08
366512475,1.213e-06,2.88156e+08
410579957,2.254e-06,1.73718e+08
400906608,3.0076e-05,1.27123e+07
367587292,1.002e-06,3.49859e+08
411654774,3.9955e-05,9.82567e+06
401981424,2.154e-06,1.77976e+08
368662109,1.914e-06,1.8369e+08
412729591,1.503e-06,2.61883e+08
403056241,1.453e-06,2.64545e+08
369736925,2.8303e-05,1.24583e+07
413804407,1.052e-06,3.75128e+08
404131058,1.282e-06,3.00631e+08
370811742,1.343e-06,2.63316e+08
414879224,1.272e-06,3.11053e+08
405205874,1.913e-06,2.02004e+08
371886558,1.293e-06,2.74291e+08
415954041,1.122e-06,3.53551e+08
406280691,2.9615e-05,1.30832e+07
372961375,1.242e-06,2.8638e+08
417028857,2.2502e-05,1.76744e+07
407355508,1.072e-06,3.62392e+08
374036192,1.363e-06,2.61709e+08
418103674,1.683e-06,2.36919e+08
408430324,1.222e-06,3.18748e+08
375111008,2.5287e-05,1.41469e+07
419178491,1.323e-06,3.02162e+08
409505141,1.232e-06,3.16992e+08
376185825,2.063e-06,1.73901e+08
420253307,1.002e-06,3.99985e+08
410579957,9.92e-07,3.94717e+08
377260642,1.353e-06,2.65916e+08
421328124,1.282e-06,3.13424e+08
411654774,2.2822e-05,1.7202e+07
378335458,1.173e-06,3.07595e+08
422402940,1.8214e-05,2.21168e+07
412729591,1.142e-06,3.44667e+08
379410275,2.365e-06,1.52995e+08
423477757,1.102e-06,3.66479e+08
413804407,1.363e-06,2.89534e+08
380485092,2.3584e-05,1.53858e+07
424552574,1.743e-06,2.32292e+08
414879224,2.184e-06,1.81163e+08
381559908,1.833e-06,1.98518e+08
425627390,1.102e-06,3.68339e+08
415954041,1.182e-06,3.35605e+08
382634725,2.255e-06,1.61822e+08
426702207,9.62e-07,4.23009e+08
417028857,1.8775e-05,2.11829e+07
383709541,1.212e-06,3.01926e+08
427777024,2.8864e-05,1.41339e+07
418103674,1.943e-06,2.05216e+08
384784358,9.01e-07,4.0728e+08
428851840,1.513e-06,2.70314e+08
419178491,2.254e-06,1.77356e+08
385859175,2.5928e-05,1.41925e+07
429926657,1.192e-06,3.43968e+08
420253307,1.283e-06,3.12381e+08
386933991,1.913e-06,1.92895e+08
431001474,1.393e-06,2.95072e+08
421328124,1.042e-06,3.85614e+08
388008808,1.082e-06,3.41991e+08
432076290,1.563e-06,2.63634e+08
422402940,2.1761e-05,1.85118e+07
389083625,1.443e-06,2.57144e+08
433151107,1.9507e-05,2.11762e+07
423477757,2.565e-06,1.5745e+08
390158441,2.014e-06,1.84749e+08
434225924,1.783e-06,2.32255e+08
424552574,2.084e-06,1.94283e+08
391233258,2.2983e-05,1.62341e+07
435300740,1.292e-06,3.21312e+08
425627390,1.143e-06,3.55127e+08
392308075,1.392e-06,2.68775e+08
436375557,1.193e-06,3.48835e+08
426702207,1.303e-06,3.12306e+08
393382891,1.102e-06,3.40435e+08
437450373,1.162e-06,3.59023e+08
427777024,2.8393e-05,1.43683e+07
394457708,1.573e-06,2.39151e+08
438525190,2.2622e-05,1.84869e+07
428851840,2.034e-06,2.01074e+08
395532525,1.162e-06,3.24621e+08
439600007,1.863e-06,2.25032e+08
429926657,1.673e-06,2.45075e+08
396607341,3.2521e-05,1.16305e+07
440674823,1.312e-06,3.2032e+08
431001474,1.042e-06,3.94467e+08
397682158,1.423e-06,2.66521e+08
441749640,1.853e-06,2.27353e+08
432076290,9.11e-07,4.52316e+08
398756974,1.112e-06,3.41982e+08
442824457,1.113e-06,3.79434e+08
433151107,2.0809e-05,1.98513e+07
399831791,1.332e-06,2.86268e+08
443899273,2.2922e-05,1.84685e+07
434225924,2.254e-06,1.83722e+08
400906608,2.505e-06,1.52628e+08
444974090,2.344e-06,1.81041e+08
435300740,1.473e-06,2.8183e+08
401981424,2.8193e-05,1.35977e+07
446048907,1.302e-06,3.26717e+08
436375557,1.102e-06,3.77641e+08
403056241,2.033e-06,1.89072e+08
447123723,1.012e-06,4.21354e+08
437450373,1.072e-06,3.89165e+08
404131058,1.533e-06,2.51409e+08
448198540,1.363e-06,3.13599e+08
438525190,2.6218e-05,1.59513e+07
405205874,1.853e-06,2.08545e+08
449273356,2.8984e-05,1.47827e+07
439600007,2.946e-06,1.42307e+08
406280691,1.503e-06,2.57791e+08
450348173,2.064e-06,2.08084e+08
440674823,1.132e-06,3.71255e+08
407355508,2.3153e-05,1.6779e+07
451422990,1.062e-06,4.05377e+08
441749640,1.082e-06,3.89358e+08
408430324,1.784e-06,2.18335e+08
452497806,1.904e-06,2.26647e+08
442824457,1.082e-06,3.90305e+08
409505141,1.362e-06,2.86736e+08
453572623,1.362e-06,3.17592e+08
443899273,2.644e-05,1.60112e+07
410579957,1.463e-06,2.67642e+08
454647440,2.2742e-05,1.90654e+07
444974090,1.553e-06,2.73252e+08
411654774,2.234e-06,1.75732e+08
455722256,1.723e-06,2.52241e+08
446048907,1.533e-06,2.77486e+08
412729591,2.4877e-05,1.58222e+07
456797073,1.503e-06,2.89844e+08
447123723,1.362e-06,3.13077e+08
413804407,2.104e-06,1.87564e+08
457871890,2.073e-06,2.10642e+08
448198540,1.984e-06,2.15441e+08
414879224,1.924e-06,2.05644e+08
458946706,1.293e-06,3.38504e+08
449273356,2.6049e-05,1.64482e+07
415954041,1.362e-06,2.91252e+08
460021523,2.8944e-05,1.51572e+07
450348173,1.814e-06,2.36762e+08
417028857,1.223e-06,3.25192e+08
461096339,1.743e-06,2.52287e+08
451422990,1.402e-06,3.07069e+08
418103674,2.147e-05,1.85717e+07
462171156,1.453e-06,3.03345e+08
452497806,1.352e-06,3.19183e+08
419178491,1.803e-06,2.21719e+08
463245973,1.613e-06,2.73891e+08
453572623,1.283e-06,3.37148e+08
420253307,1.543e-06,2.59744e+08
464320789,1.022e-06,4.33279e+08
454647440,2.5568e-05,1.69581e+07
421328124,1.273e-06,3.1564e+08
465395606,2.5277e-05,1.75589e+07
455722256,1.402e-06,3.09993e+08
422402940,1.553e-06,2.59391e+08
466470423,1.423e-06,3.12622e+08
456797073,1.062e-06,4.10203e+08
423477757,2.193e-05,1.84159e+07
467545239,1.683e-06,2.64935e+08
457871890,1.443e-06,3.02606e+08
424552574,1.423e-06,2.84529e+08
468620056,1.162e-06,3.84605e+08
458946706,2.034e-06,2.15185e+08
425627390,1.242e-06,3.2682e+08
469694873,2.635e-06,1.69995e+08
460021523,8.837e-06,4.96448e+07
426702207,1.373e-06,2.96384e+08
470769689,2.4095e-05,1.8633e+07
461096339,1.182e-06,3.72027e+08
427777024,1.452e-06,2.80964e+08
471844506,2.806e-06,1.60366e+08
462171156,2.014e-06,2.18848e+08
428851840,2.8203e-05,1.45015e+07
472919323,1.754e-06,2.57133e+08
463245973,3.556e-06,1.24237e+08
429926657,1.473e-06,2.7835e+08
473994139,1.092e-06,4.13952e+08
464320789,1.212e-06,3.65355e+08
431001474,1.733e-06,2.37181e+08
475068956,1.453e-06,3.11811e+08
465395606,2.5778e-05,1.72176e+07
432076290,1.763e-06,2.33727e+08
476143772,2.4485e-05,1.85455e+07
466470423,1.403e-06,3.17078e+08
433151107,1.483e-06,2.78547e+08
477218589,2.144e-06,2.12272e+08
467545239,1.884e-06,2.3667e+08
434225924,2.2001e-05,1.88223e+07
478293406,2.495e-06,1.8282e+08
468620056,1.402e-06,3.18767e+08
435300740,1.322e-06,3.14021e+08
479368222,1.713e-06,2.66878e+08
469694873,1.252e-06,3.57776e+08
436375557,1.323e-06,3.14558e+08
480443039,1.303e-06,3.51639e+08
470769689,1.9176e-05,2.34126e+07
437450373,1.393e-06,2.99487e+08
481517856,2.2242e-05,2.06461e+07
471844506,1.774e-06,2.53656e+08
438525190,1.222e-06,3.42234e+08
482592672,1.753e-06,2.62542e+08
472919323,1.753e-06,2.5728e+08
439600007,3.5235e-05,1.18983e+07
483667489,1.733e-06,2.66163e+08
473994139,1.693e-06,2.67003e+08
440674823,2.304e-06,1.82405e+08
484742306,1.223e-06,3.77994e+08
475068956,1.212e-06,3.73813e+08
441749640,2.083e-06,2.02249e+08
485817122,2.495e-06,1.85696e+08
476143772,2.5928e-05,1.75133e+07
442824457,1.072e-06,3.93946e+08
486891939,2.3003e-05,2.01859e+07
477218589,1.633e-06,2.78696e+08
443899273,9.82e-07,4.31095e+08
487966755,2.374e-06,1.96024e+08
478293406,1.312e-06,3.47665e+08
444974090,2.2222e-05,1.90964e+07
489041572,1.453e-06,3.20982e+08
479368222,1.402e-06,3.26078e+08
446048907,1.793e-06,2.37248e+08
490116389,1.543e-06,3.02924e+08
480443039,1.222e-06,3.74948e+08
447123723,1.533e-06,2.78154e+08
491191205,1.432e-06,3.2712e+08
481517856,2.9806e-05,1.54067e+07
448198540,1.102e-06,3.87872e+08
492266022,2.5067e-05,1.87283e+07
482592672,1.613e-06,2.85329e+08
449273356,2.574e-06,1.66457e+08
493340839,1.903e-06,2.47234e+08
483667489,1.253e-06,3.68126e+08
450348173,1.8314e-05,2.34512e+07
494415655,1.342e-06,3.5135e+08
484742306,1.282e-06,3.60598e+08
451422990,1.863e-06,2.31085e+08
495490472,2.414e-06,1.95748e+08
485817122,2.264e-06,2.04643e+08
452497806,1.593e-06,2.70895e+08
496565289,1.193e-06,3.9695e+08
486891939,2.8413e-05,1.63424e+07
453572623,2.114e-06,2.04617e+08
497640105,2.4797e-05,1.91389e+07
487966755,1.533e-06,3.03563e+08
454647440,1.142e-06,3.79672e+08
498714922,1.974e-06,2.40938e+08
489041572,1.403e-06,3.32421e+08
455722256,2.5607e-05,1.69723e+07
499789738,1.343e-06,3.54904e+08
490116389,1.283e-06,3.64311e+08
456797073,1.313e-06,3.31786e+08
500864555,1.242e-06,3.84591e+08
491191205,1.142e-06,4.1019e+08
457871890,1.102e-06,3.96244e+08
501939372,1.593e-06,3.00494e+08
492266022,2.0789e-05,2.25822e+07
458946706,9.52e-07,4.59754e+08
503014188,2.2051e-05,2.17546e+07
493340839,2.265e-06,2.0772e+08
460021523,2.004e-06,2.18918e+08
504089005,1.573e-06,3.05618e+08
494415655,1.152e-06,4.09298e+08
461096339,1.9136e-05,2.29795e+07
505163822,1.383e-06,3.48345e+08
495490472,1.343e-06,3.51851e+08
462171156,1.904e-06,2.31492e+08
506238638,1.432e-06,3.37142e+08
496565289,1.853e-06,2.55565e+08
463245973,1.674e-06,2.6391e+08
507313455,1.383e-06,3.49828e+08
497640105,1.1011e-05,4.31011e+07
464320789,1.092e-06,4.05504e+08
508388272,3.1168e-05,1.55556e+07
498714922,2.785e-06,1.70776e+08
465395606,1.132e-06,3.92081e+08
509463088,2.074e-06,2.34263e+08
499789738,1.993e-06,2.39155e+08
466470423,2.4064e-05,1.84866e+07
510537905,1.162e-06,4.19008e+08
500864555,1.663e-06,2.87229e+08
467545239,1.693e-06,2.6337e+08
511612721,1.864e-06,2.61755e+08
501939372,2.585e-06,1.85179e+08
468620056,1.002e-06,4.46019e+08
512687538,1.082e-06,4.51883e+08
503014188,7.874e-06,6.09235e+07
469694873,1.122e-06,3.9923e+08
513762355,2.1971e-05,2.23004e+07
504089005,1.623e-06,2.96203e+08
470769689,1.663e-06,2.69971e+08
514837171,3.817e-06,1.28632e+08
505163822,1.383e-06,3.48345e+08
471844506,1.9035e-05,2.36399e+07
515911988,1.593e-06,3.08859e+08
506238638,1.303e-06,3.70519e+08
472919323,2.414e-06,1.86831e+08
516986805,1.413e-06,3.48929e+08
507313455,1.483e-06,3.26239e+08
473994139,1.443e-06,3.13261e+08
518061621,1.152e-06,4.28873e+08
508388272,2.0668e-05,2.34583e+07
475068956,1.393e-06,3.25241e+08
519136438,2.4285e-05,2.03865e+07
509463088,2.735e-06,1.77646e+08
476143772,1.613e-06,2.81516e+08
520211255,1.753e-06,2.83007e+08
510537905,1.272e-06,3.82773e+08
477218589,2.4695e-05,1.84293e+07
521286071,1.423e-06,3.49358e+08
511612721,1.853e-06,2.63309e+08
478293406,1.743e-06,2.61696e+08
522360888,1.603e-06,3.10769e+08
512687538,1.643e-06,2.97588e+08
479368222,1.483e-06,3.08268e+08
523435705,1.282e-06,3.89382e+08
513762355,2.2462e-05,2.18129e+07
480443039,1.282e-06,3.574e+08
524510521,3.1328e-05,1.59669e+07
514837171,2.134e-06,2.30078e+08
481517856,1.262e-06,3.63876e+08
525585338,1.864e-06,2.68904e+08
515911988,1.824e-06,2.69743e+08
482592672,3.1739e-05,1.45007e+07
526660154,1.212e-06,4.14408e+08
516986805,1.543e-06,3.19531e+08
483667489,2.174e-06,2.12172e+08
527734971,2.224e-06,2.26298e+08
518061621,2.535e-06,1.94896e+08
484742306,2.084e-06,2.21826e+08
528809788,1.773e-06,2.8444e+08
519136438,1.0509e-05,4.71108e+07
485817122,2.474e-06,1.87272e+08
529884604,1.7182e-05,2.94109e+07
520211255,1.062e-06,4.67149e+08
486891939,1.402e-06,3.31196e+08
530959421,1.653e-06,3.06329e+08
521286071,1.413e-06,3.51831e+08
487966755,2.8112e-05,1.65538e+07
532034238,1.553e-06,3.26714e+08
522360888,1.743e-06,2.85807e+08
489041572,3.256e-06,1.43239e+08
533109054,1.463e-06,3.47514e+08
523435705,1.402e-06,3.56054e+08
490116389,1.392e-06,3.35784e+08
534183871,2.735e-06,1.86266e+08
524510521,2.7211e-05,1.83827e+07
491191205,1.112e-06,4.21256e+08
535258688,2.4545e-05,2.0797e+07
525585338,1.593e-06,3.1465e+08
492266022,1.703e-06,2.75667e+08
536333504,2.024e-06,2.52711e+08
526660154,2.204e-06,2.27887e+08
493340839,3.8581e-05,1.21948e+07
537408321,1.843e-06,2.78086e+08
527734971,2.895e-06,1.73847e+08
494415655,2.294e-06,2.05541e+08
538483137,1.363e-06,3.7677e+08
528809788,1.272e-06,3.96472e+08
495490472,1.563e-06,3.02327e+08
539557954,1.553e-06,3.31335e+08
529884604,4.0786e-05,1.239e+07
496565289,1.242e-06,3.8129e+08
540632771,2.688e-05,1.91811e+07
530959421,1.523e-06,3.32477e+08
497640105,1.152e-06,4.11968e+08
541707587,1.753e-06,2.94702e+08
532034238,1.923e-06,2.63852e+08
498714922,3.4414e-05,1.38203e+07
542782404,1.503e-06,3.44403e+08
533109054,1.362e-06,3.73284e+08
499789738,1.412e-06,3.37561e+08
543857221,1.303e-06,3.98053e+08
534183871,1.142e-06,4.46092e+08
500864555,1.984e-06,2.40757e+08
544932037,1.183e-06,4.39296e+08
535258688,2.2361e-05,2.28282e+07
501939372,1.453e-06,3.29447e+08
546006854,2.5737e-05,2.02321e+07
536333504,1.603e-06,3.19081e+08
503014188,1.312e-06,3.65634e+08
547081671,1.794e-06,2.90824e+08
537408321,1.483e-06,3.45592e+08
504089005,2.5878e-05,1.8577e+07
548156487,1.242e-06,4.20904e+08
538483137,1.272e-06,4.03724e+08
505163822,1.623e-06,2.96834e+08
549231304,1.332e-06,3.93234e+08
539557954,1.072e-06,4.80002e+08
506238638,1.623e-06,2.97466e+08
550306120,1.192e-06,4.40279e+08
540632771,2.5127e-05,2.05193e+07
507313455,1.302e-06,3.71591e+08
551380937,2.0939e-05,2.51128e+07
541707587,1.493e-06,3.46023e+08
508388272,1.082e-06,4.48093e+08
552455754,1.613e-06,3.26635e+08
542782404,1.282e-06,4.03774e+08
509463088,1.8084e-05,2.68669e+07
553530570,1.152e-06,4.58236e+08
543857221,1.673e-06,3.1002e+08
510537905,2.044e-06,2.38203e+08
554605387,1.533e-06,3.45018e+08
544932037,1.703e-06,3.0516e+08
511612721,1.694e-06,2.88024e+08
555680204,1.262e-06,4.19919e+08
546006854,2.3284e-05,2.23635e+07
512687538,1.573e-06,3.10831e+08
556755020,2.5267e-05,2.10141e+07
547081671,1.653e-06,3.15631e+08
513762355,1.764e-06,2.77756e+08
557829837,1.824e-06,2.9166e+08
548156487,1.403e-06,3.72604e+08
514837171,2.0619e-05,2.38124e+07
558904654,1.293e-06,4.1223e+08
549231304,1.432e-06,3.65774e+08
515911988,1.763e-06,2.79077e+08
559979470,1.633e-06,3.27029e+08
550306120,1.383e-06,3.79474e+08
516986805,1.353e-06,3.64403e+08
561054287,1.563e-06,3.42331e+08
551380937,2.7722e-05,1.89683e+07
518061621,1.252e-06,3.94618e+08
562129104,1.9175e-05,2.79577e+07
552455754,1.353e-06,3.89403e+08
519136438,1.573e-06,3.14741e+08
563203920,1.623e-06,3.30938e+08
553530570,1.182e-06,4.46606e+08
520211255,2.2912e-05,2.16529e+07
564278737,1.092e-06,4.928e+08
554605387,1.272e-06,4.15812e+08
521286071,1.583e-06,3.14047e+08
565353553,1.323e-06,4.07531e+08
555680204,1.333e-06,3.97553e+08
522360888,1.323e-06,3.7654e+08
566428370,1.753e-06,3.08151e+08
556755020,2.4285e-05,2.18638e+07
523435705,2.324e-06,2.14797e+08
567503187,2.0568e-05,2.63134e+07
557829837,1.883e-06,2.82522e+08
524510521,2.144e-06,2.33308e+08
568578003,1.402e-06,3.86761e+08
558904654,1.182e-06,4.50942e+08
525585338,2.5237e-05,1.98612e+07
569652820,1.503e-06,3.61453e+08
559979470,1.834e-06,2.91188e+08
526660154,1.854e-06,2.70907e+08
570727637,1.673e-06,3.25337e+08
561054287,1.322e-06,4.04738e+08
527734971,1.152e-06,4.36881e+08
571802453,9.82e-07,5.55309e+08
562129104,2.3263e-05,2.30447e+07
528809788,1.603e-06,3.14605e+08
572877270,2.0809e-05,2.62549e+07
563203920,1.593e-06,3.37171e+08
529884604,2.144e-06,2.35698e+08
573952087,2.174e-06,2.51777e+08
564278737,1.644e-06,3.27335e+08
530959421,4.0325e-05,1.2557e+07
575026903,9.82e-07,5.5844e+08
565353553,1.503e-06,3.58725e+08
532034238,2.234e-06,2.27121e+08
576101720,1.372e-06,4.00447e+08
566428370,1.623e-06,3.32833e+08
533109054,1.353e-06,3.75767e+08
577176536,1.884e-06,2.92165e+08
567503187,1.8764e-05,2.88432e+07
534183871,1.653e-06,3.0819e+08
578251353,2.5437e-05,2.16796e+07
568578003,1.743e-06,3.11095e+08
535258688,1.813e-06,2.81557e+08
579326170,1.733e-06,3.18805e+08
569652820,2.715e-06,2.00097e+08
536333504,1.8644e-05,2.74344e+07
580400986,1.674e-06,3.30653e+08
570727637,1.112e-06,4.89468e+08
537408321,2.234e-06,2.29415e+08
581475803,1.764e-06,3.14364e+08
571802453,2.575e-06,2.11772e+08
538483137,1.773e-06,2.89643e+08
582550620,1.543e-06,3.60054e+08
572877270,8.035e-06,6.79948e+07
539557954,1.823e-06,2.82261e+08
583625436,2.7541e-05,2.02095e+07
540632771,1.573e-06,3.27773e+08
573952087,1.563e-06,3.502e+08
584700253,1.654e-06,3.3713e+08
541707587,3.978e-06,1.29867e+08
575026903,1.734e-06,3.16256e+08
585775070,2.164e-06,2.58151e+08
542782404,3.486e-06,1.4849e+08
576101720,1.082e-06,5.07776e+08
586849886,1.553e-06,3.60376e+08
543857221,2.465e-06,2.10411e+08
577176536,1.403e-06,3.9233e+08
587924703,1.583e-06,3.54194e+08
544932037,1.363e-06,3.81282e+08
578251353,2.6289e-05,2.0977e+07
588999519,2.5488e-05,2.20384e+07
546006854,1.203e-06,4.32845e+08
579326170,1.483e-06,3.72548e+08
590074336,2.234e-06,2.51897e+08
547081671,2.5377e-05,2.05595e+07
580400986,2.084e-06,2.65601e+08
591149153,1.663e-06,3.39004e+08
548156487,1.763e-06,2.96519e+08
581475803,1.302e-06,4.25913e+08
592223969,1.322e-06,4.27223e+08
549231304,1.302e-06,4.02295e+08
582550620,1.613e-06,3.44429e+08
593298786,1.743e-06,3.24621e+08
550306120,1.343e-06,3.90776e+08
583625436,2.2542e-05,2.46912e+07
594373603,2.7391e-05,2.06943e+07
551380937,1.332e-06,3.94773e+08
584700253,2.003e-06,2.78389e+08
595448419,1.734e-06,3.27488e+08
552455754,2.3023e-05,2.28842e+07
585775070,1.884e-06,2.96517e+08
596523236,1.242e-06,4.58043e+08
553530570,1.333e-06,3.96015e+08
586849886,1.703e-06,3.28634e+08
597598053,1.363e-06,4.18132e+08
554605387,1.182e-06,4.47473e+08
587924703,1.853e-06,3.02584e+08
598672869,1.543e-06,3.70019e+08
555680204,1.152e-06,4.60016e+08
588999519,2.0878e-05,2.69046e+07
599747686,2.2071e-05,2.59147e+07
556755020,2.234e-06,2.37674e+08
590074336,1.383e-06,4.06897e+08
600822502,1.703e-06,3.36459e+08
557829837,2.1359e-05,2.4907e+07
591149153,1.223e-06,4.60968e+08
601897319,1.724e-06,3.32955e+08
558904654,1.523e-06,3.49976e+08
592223969,1.203e-06,4.69484e+08
602972136,1.513e-06,3.80065e+08
559979470,1.513e-06,3.52966e+08
593298786,1.403e-06,4.03289e+08
604046952,1.012e-06,5.69233e+08
561054287,1.512e-06,3.53878e+08
594373603,2.5497e-05,2.22316e+07
605121769,2.4345e-05,2.37046e+07
562129104,1.573e-06,3.40806e+08
595448419,1.503e-06,3.7782e+08
606196586,1.894e-06,3.05234e+08
563203920,2.0067e-05,2.6766e+07
596523236,1.162e-06,4.89577e+08
607271402,1.323e-06,4.37747e+08
564278737,1.503e-06,3.58043e+08
597598053,1.573e-06,3.6231e+08
608346219,1.463e-06,3.96558e+08
565353553,9.12e-07,5.91188e+08
598672869,1.603e-06,3.56169e+08
609421036,1.442e-06,4.03044e+08
566428370,2.044e-06,2.6428e+08
599747686,2.7912e-05,2.04917e+07
610495852,3.1038e-05,1.87581e+07
567503187,1.233e-06,4.3894e+08
600822502,3.286e-06,1.74373e+08
611570669,2.725e-06,2.14033e+08
568578003,2.4726e-05,2.19299e+07
601897319,1.953e-06,2.93914e+08
612645486,1.573e-06,3.71433e+08
569652820,1.693e-06,3.20888e+08
602972136,1.683e-06,3.41675e+08
613720302,2.074e-06,2.82203e+08
570727637,1.783e-06,3.05265e+08
604046952,1.814e-06,3.17566e+08
614795119,1.793e-06,3.27002e+08
571802453,1.543e-06,3.53411e+08
605121769,2.0829e-05,2.7706e+07
615869935,1.2884e-05,4.55867e+07
572877270,2.054e-06,2.65988e+08
606196586,2.224e-06,2.59943e+08
616944752,1.673e-06,3.51682e+08
573952087,2.9966e-05,1.82661e+07
607271402,2.355e-06,2.45919e+08
618019569,1.443e-06,4.08447e+08
575026903,1.503e-06,3.64863e+08
608346219,9.92e-07,5.84843e+08
619094385,1.573e-06,3.75343e+08
576101720,1.293e-06,4.24914e+08
609421036,1.683e-06,3.45329e+08
620169202,1.683e-06,3.5142e+08
577176536,1.693e-06,3.25126e+08
610495852,3.5937e-05,1.6201e+07
621244019,2.5548e-05,2.31902e+07
578251353,1.192e-06,4.62637e+08
611570669,1.563e-06,3.73154e+08
622318835,1.472e-06,4.03186e+08
579326170,2.7511e-05,2.00825e+07
612645486,1.513e-06,3.86163e+08
623393652,1.333e-06,4.45997e+08
580400986,1.553e-06,3.56416e+08
613720302,1.042e-06,5.61698e+08
624468469,1.273e-06,4.67824e+08
581475803,1.944e-06,2.85256e+08
614795119,1.543e-06,3.79983e+08
625543285,1.212e-06,4.92215e+08
582550620,2.435e-06,2.28158e+08
615869935,2.701e-05,2.17453e+07
626618102,1.9356e-05,3.08736e+07
583625436,1.192e-06,4.66937e+08
616944752,2.154e-06,2.7315e+08
627692918,1.854e-06,3.22877e+08
584700253,2.1931e-05,2.54258e+07
618019569,1.503e-06,3.92142e+08
628767735,1.352e-06,4.4352e+08
585775070,1.673e-06,3.33914e+08
619094385,1.262e-06,4.6784e+08
629842552,1.232e-06,4.87552e+08
586849886,1.192e-06,4.69516e+08
620169202,1.553e-06,3.80837e+08
630917368,1.212e-06,4.96444e+08
587924703,1.543e-06,3.63376e+08
621244019,1.8094e-05,3.27437e+07
631992185,2.7381e-05,2.20122e+07
588999519,1.813e-06,3.09826e+08
622318835,2.094e-06,2.83424e+08
633067002,1.403e-06,4.30321e+08
590074336,2.662e-05,2.11397e+07
623393652,1.383e-06,4.29873e+08
634141818,1.513e-06,3.99712e+08
591149153,1.513e-06,3.72613e+08
624468469,1.543e-06,3.85962e+08
635216635,1.523e-06,3.97761e+08
592223969,1.353e-06,4.17434e+08
625543285,2.665e-06,2.23852e+08
636291452,1.222e-06,4.96575e+08
593298786,1.202e-06,4.70727e+08
626618102,2.1951e-05,2.72238e+07
637366268,2.5908e-05,2.34615e+07
594373603,1.503e-06,3.77138e+08
627692918,1.804e-06,3.31826e+08
638441085,2.515e-06,2.42093e+08
595448419,3.0437e-05,1.8657e+07
628767735,1.473e-06,4.07087e+08
639515901,1.403e-06,4.34704e+08
596523236,1.483e-06,3.83607e+08
629842552,1.323e-06,4.54017e+08
640590718,1.473e-06,4.14742e+08
597598053,2.144e-06,2.65818e+08
630917368,1.362e-06,4.41769e+08
641665535,2.064e-06,2.96483e+08
598672869,1.733e-06,3.29451e+08
631992185,1.9917e-05,3.02613e+07
642740351,1.9817e-05,3.09313e+07
599747686,1.543e-06,3.70683e+08
633067002,1.784e-06,3.38419e+08
643815168,2.064e-06,2.97476e+08
600822502,2.3935e-05,2.39394e+07
634141818,2.404e-06,2.51566e+08
644889985,1.342e-06,4.58282e+08
601897319,2.755e-06,2.08354e+08
635216635,3.2731e-05,1.85081e+07
645964801,2.144e-06,2.87332e+08
602972136,1.542e-06,3.72918e+08
636291452,1.744e-06,3.47944e+08
647039618,2.103e-06,2.93421e+08
604046952,1.643e-06,3.50617e+08
637366268,2.2712e-05,2.67629e+07
648114435,2.4446e-05,2.52839e+07
605121769,1.794e-06,3.21677e+08
638441085,1.353e-06,4.50011e+08
649189251,1.844e-06,3.35746e+08
606196586,2.7842e-05,2.07641e+07
639515901,1.593e-06,3.82856e+08
650264068,1.693e-06,3.66297e+08
607271402,2.134e-06,2.71387e+08
640590718,3.877e-06,1.57574e+08
651338885,1.523e-06,4.07856e+08
608346219,1.263e-06,4.59354e+08
641665535,1.984e-06,3.08437e+08
652413701,1.953e-06,3.18582e+08
609421036,1.813e-06,3.20568e+08
642740351,2.0938e-05,2.92752e+07
653488518,1.8485e-05,3.37146e+07
610495852,1.803e-06,3.22914e+08
643815168,1.983e-06,3.09627e+08
654563334,1.734e-06,3.6e+08
611570669,3.2811e-05,1.77757e+07
644889985,2.234e-06,2.75298e+08
655638151,1.713e-06,3.65012e+08
612645486,2.244e-06,2.60367e+08
645964801,1.683e-06,3.66037e+08
656712968,1.793e-06,3.49297e+08
613720302,1.122e-06,5.21648e+08
647039618,1.372e-06,4.49756e+08
657787784,1.152e-06,5.44545e+08
614795119,1.282e-06,4.57343e+08
648114435,2.4456e-05,2.52736e+07
658862601,2.3314e-05,2.69512e+07
615869935,1.703e-06,3.44885e+08
649189251,1.643e-06,3.7682e+08
659937418,1.423e-06,4.42281e+08
616944752,2.145e-05,2.74296e+07
650264068,9.52e-07,6.51408e+08
661012234,2.385e-06,2.64315e+08
618019569,2.104e-06,2.80128e+08
651338885,1.283e-06,4.84151e+08
662087051,1.212e-06,5.2097e+08
619094385,1.212e-06,4.87141e+08
652413701,1.603e-06,3.88141e+08
663161868,1.132e-06,5.58693e+08
620169202,1.233e-06,4.79675e+08
653488518,3.1559e-05,1.97476e+07
664236684,1.7673e-05,3.58437e+07
621244019,1.222e-06,4.84832e+08
654563334,1.262e-06,4.94644e+08
665311501,1.643e-06,3.86178e+08
622318835,1.8365e-05,3.23163e+07
655638151,1.252e-06,4.99413e+08
666386317,1.282e-06,4.95722e+08
623393652,1.322e-06,4.49708e+08
656712968,1.844e-06,3.39637e+08
667461134,1.643e-06,3.87426e+08
624468469,1.252e-06,4.75671e+08
657787784,1.603e-06,3.91338e+08
668535951,1.302e-06,4.89682e+08
625543285,1.633e-06,3.65318e+08
658862601,2.2542e-05,2.78742e+07
669610767,2.177e-05,2.93335e+07
626618102,1.163e-06,5.13835e+08
659937418,2.284e-06,2.75554e+08
670685584,1.582e-06,4.04308e+08
627692918,3.1829e-05,1.88072e+07
661012234,1.352e-06,4.66265e+08
671760401,2.364e-06,2.70999e+08
628767735,1.774e-06,3.38016e+08
662087051,2.374e-06,2.65971e+08
672835217,1.312e-06,4.89074e+08
629842552,1.303e-06,4.60986e+08
663161868,1.463e-06,4.3229e+08
673910034,1.793e-06,3.58444e+08
630917368,2.124e-06,2.83281e+08
664236684,2.1149e-05,2.99525e+07
674984851,3.4855e-05,1.84684e+07
631992185,1.412e-06,4.26852e+08
665311501,2.434e-06,2.60678e+08
676059667,1.873e-06,3.44229e+08
633067002,2.8452e-05,2.12196e+07
666386317,1.844e-06,3.4464e+08
677134484,2.495e-06,2.58824e+08
634141818,2.414e-06,2.50524e+08
667461134,1.803e-06,3.53045e+08
678209300,1.954e-06,3.31009e+08
635216635,1.463e-06,4.14074e+08
668535951,2.424e-06,2.63022e+08
679284117,3.596e-06,1.80149e+08
636291452,1.042e-06,5.82356e+08
669610767,3.2621e-05,1.95761e+07
680358934,1.3024e-05,4.98189e+07
637366268,1.072e-06,5.67015e+08
670685584,1.994e-06,3.2077e+08
681433750,1.343e-06,4.83891e+08
638441085,2.6209e-05,2.32311e+07
671760401,1.483e-06,4.3199e+08
682508567,1.343e-06,4.84654e+08
639515901,1.573e-06,3.87724e+08
672835217,1.763e-06,3.63962e+08
683583384,1.353e-06,4.8183e+08
640590718,5.51e-07,1.10874e+09
673910034,1.894e-06,3.3933e+08
641665535,1.483e-06,4.12637e+08
684658200,1.253e-06,5.21102e+08
674984851,2.2502e-05,2.8607e+07
642740351,1.874e-06,3.27089e+08
685733017,4.288e-05,1.52511e+07
676059667,2.364e-06,2.72733e+08
643815168,1.066e-05,5.75976e+07
686807834,1.573e-06,4.16396e+08
677134484,1.673e-06,3.85993e+08
644889985,1.533e-06,4.01184e+08
687882650,1.754e-06,3.74011e+08
678209300,1.212e-06,5.33656e+08
645964801,1.112e-06,5.53993e+08
688957467,1.172e-06,5.60615e+08
679284117,1.263e-06,5.12918e+08
647039618,1.262e-06,4.88958e+08
690032284,1.563e-06,4.21028e+08
680358934,2.6359e-05,2.46155e+07
648114435,1.102e-06,5.6088e+08
691107100,2.0318e-05,3.24388e+07
681433750,1.783e-06,3.64479e+08
649189251,2.691e-05,2.30069e+07
692181917,1.883e-06,3.50566e+08
682508567,1.383e-06,4.70637e+08
650264068,1.704e-06,3.63932e+08
693256733,1.413e-06,4.67899e+08
683583384,1.333e-06,4.89059e+08
651338885,1.202e-06,5.16776e+08
694331550,1.413e-06,4.68624e+08
684658200,1.272e-06,5.13318e+08
652413701,1.302e-06,4.77873e+08
695406367,2.064e-06,3.21314e+08
685733017,1.9436e-05,3.36471e+07
653488518,1.122e-06,5.5545e+08
696481183,2.6329e-05,2.52276e+07
686807834,1.523e-06,4.30066e+08
654563334,2.6279e-05,2.37543e+07
697556000,1.513e-06,4.39684e+08
687882650,1.333e-06,4.92135e+08
655638151,1.863e-06,3.35623e+08
698630817,9.92e-07,6.71639e+08
688957467,1.483e-06,4.43049e+08
656712968,1.663e-06,3.76603e+08
699705633,1.072e-06,6.22473e+08
690032284,2.004e-06,3.28376e+08
657787784,2.024e-06,3.09938e+08
700780450,1.403e-06,4.76348e+08
691107100,4.1066e-05,1.60496e+07
658862601,1.683e-06,3.73345e+08
701855267,2.3865e-05,2.8047e+07
692181917,2.985e-06,2.21144e+08
659937418,2.5467e-05,2.4713e+07
702930083,1.864e-06,3.59639e+08
693256733,1.694e-06,3.90284e+08
661012234,1.894e-06,3.32835e+08
704004900,1.092e-06,6.14827e+08
694331550,4.849e-06,1.36557e+08
662087051,1.553e-06,4.06578e+08
705079716,1.974e-06,3.40636e+08
695406367,1.873e-06,3.5408e+08
663161868,1.503e-06,4.20785e+08
706154533,2.214e-06,3.04174e+08
696481183,5.63e-06,1.17978e+08
664236684,1.934e-06,3.27542e+08
707229350,2.9265e-05,2.30469e+07
697556000,1.563e-06,4.25618e+08
665311501,2.0248e-05,3.1336e+07
708304166,1.964e-06,3.43937e+08
698630817,2.405e-06,2.77034e+08
666386317,2.284e-06,2.78247e+08
709378983,1.743e-06,3.88133e+08
699705633,1.573e-06,4.24216e+08
667461134,1.212e-06,5.25198e+08
710453800,2.114e-06,3.20502e+08
700780450,1.543e-06,4.33128e+08
668535951,1.974e-06,3.22982e+08
711528616,1.262e-06,5.37691e+08
701855267,8.085e-06,8.2788e+07
669610767,1.553e-06,4.11198e+08
712603433,1.9096e-05,3.55882e+07
702930083,2.895e-06,2.3156e+08
670685584,2.2552e-05,2.83618e+07
713678250,1.413e-06,4.81682e+08
704004900,2.815e-06,2.38505e+08
671760401,1.563e-06,4.09879e+08
714753066,1.022e-06,6.66968e+08
705079716,1.302e-06,5.16449e+08
672835217,1.343e-06,4.77785e+08
715827883,1.332e-06,5.12513e+08
706154533,1.502e-06,4.48363e+08
673910034,1.753e-06,3.66623e+08
716902699,1.432e-06,4.77438e+08
707229350,4.559e-06,1.47942e+08
674984851,1.423e-06,4.52365e+08
717977516,2.3594e-05,2.90208e+07
708304166,1.302e-06,5.18811e+08
676059667,2.2753e-05,2.83365e+07
719052333,1.453e-06,4.71949e+08
709378983,8.82e-07,7.67026e+08
677134484,1.223e-06,5.28018e+08
720127149,1.492e-06,4.60299e+08
678209300,2.294e-06,2.81949e+08
710453800,5.71e-07,1.18659e+09
721201966,1.763e-06,3.90126e+08
679284117,1.894e-06,3.42036e+08
711528616,1.493e-06,4.54499e+08
722276783,2.264e-06,3.04248e+08
680358934,1.403e-06,4.62467e+08
712603433,2.2422e-05,3.03091e+07
723351599,3.3632e-05,2.05115e+07
681433750,5.239e-06,1.24044e+08
713678250,1.442e-06,4.71995e+08
724426416,2.465e-06,2.80271e+08
682508567,2.434e-06,2.67416e+08
714753066,1.833e-06,3.71872e+08
725501233,1.353e-06,5.11376e+08
683583384,1.463e-06,4.45602e+08
715827883,1.783e-06,3.82875e+08
726576049,1.964e-06,3.52809e+08
684658200,1.332e-06,4.90196e+08
716902699,1.293e-06,5.28764e+08
727650866,1.583e-06,4.38371e+08
685733017,1.553e-06,4.21098e+08
717977516,2.2302e-05,3.0702e+07
728725682,2.2452e-05,3.09535e+07
686807834,2.0959e-05,3.12511e+07
719052333,1.483e-06,4.62402e+08
729800499,1.744e-06,3.99078e+08
687882650,2.094e-06,3.13284e+08
720127149,1.463e-06,4.69424e+08
730875316,2.294e-06,3.03844e+08
688957467,1.663e-06,3.95094e+08
721201966,1.313e-06,5.23832e+08
731950132,1.713e-06,4.07497e+08
690032284,9.01e-07,7.30373e+08
722276783,1.783e-06,3.86325e+08
733024949,1.944e-06,3.59602e+08
691107100,1.733e-06,3.80318e+08
723351599,2.5487e-05,2.70664e+07
734099766,2.143e-05,3.26688e+07
692181917,2.5707e-05,2.56785e+07
724426416,1.903e-06,3.63041e+08
735174582,1.613e-06,4.34667e+08
693256733,2.094e-06,3.15731e+08
725501233,1.022e-06,6.76998e+08
736249399,2.164e-06,3.24465e+08
694331550,2.144e-06,3.08846e+08
726576049,1.172e-06,5.91226e+08
737324216,2.094e-06,3.35801e+08
695406367,1.292e-06,5.13306e+08
727650866,1.673e-06,4.14789e+08
738399032,1.582e-06,4.45128e+08
696481183,1.603e-06,4.14358e+08
728725682,2.174e-05,3.19672e+07
739473849,2.167e-05,3.25435e+07
697556000,2.0448e-05,3.25333e+07
729800499,2.324e-06,2.9948e+08
740548666,2.334e-06,3.02589e+08
698630817,1.763e-06,3.77916e+08
730875316,1.232e-06,5.65761e+08
741623482,1.382e-06,5.11771e+08
699705633,1.443e-06,4.62433e+08
731950132,1.393e-06,5.01107e+08
742698299,1.413e-06,5.01268e+08
700780450,1.122e-06,5.95647e+08
733024949,1.643e-06,4.25482e+08
743773115,2.195e-06,3.23151e+08
701855267,1.483e-06,4.51343e+08
734099766,7.6202e-05,9.18732e+06
744847932,3.4615e-05,2.05212e+07
702930083,2.0308e-05,3.301e+07
735174582,2.194e-06,3.19561e+08
745922749,1.443e-06,4.92978e+08
704004900,1.552e-06,4.32598e+08
736249399,1.553e-06,4.5212e+08
746997565,2.414e-06,2.95109e+08
705079716,1.323e-06,5.08251e+08
737324216,1.923e-06,3.65662e+08
748072382,1.493e-06,4.77842e+08
706154533,1.373e-06,4.90489e+08
738399032,1.422e-06,4.95213e+08
749147199,2.154e-06,3.31682e+08
707229350,1.432e-06,4.70996e+08
739473849,2.9335e-05,2.40401e+07
750222015,2.138e-05,3.34643e+07
708304166,2.1941e-05,3.07867e+07
740548666,1.993e-06,3.54361e+08
751296832,1.793e-06,3.99605e+08
709378983,1.833e-06,3.69076e+08
741623482,1.402e-06,5.0447e+08
752371649,1.563e-06,4.59064e+08
710453800,2.044e-06,3.31478e+08
742698299,1.282e-06,5.5249e+08
753446465,2.034e-06,3.53266e+08
711528616,1.392e-06,4.87476e+08
743773115,1.222e-06,5.80456e+08
754521282,1.243e-06,5.78896e+08
712603433,2.124e-06,3.19958e+08
744847932,2.7111e-05,2.62013e+07
755596098,2.3363e-05,3.08433e+07
713678250,1.6891e-05,4.02946e+07
745922749,1.753e-06,4.058e+08
756670915,1.252e-06,5.76372e+08
714753066,1.603e-06,4.25229e+08
746997565,1.282e-06,5.55688e+08
757745732,1.643e-06,4.39831e+08
715827883,1.352e-06,5.04931e+08
748072382,2.464e-06,2.89536e+08
758820548,1.392e-06,5.19876e+08
716902699,1.342e-06,5.09457e+08
749147199,1.443e-06,4.95109e+08
759895365,2.214e-06,3.27323e+08
717977516,1.162e-06,5.89257e+08
750222015,2.2672e-05,3.15573e+07
760970182,2.3765e-05,3.05372e+07
719052333,2.6209e-05,2.61644e+07
751296832,2.054e-06,3.48828e+08
762044998,3.697e-06,1.96576e+08
720127149,1.342e-06,5.11749e+08
752371649,1.363e-06,5.26425e+08
763119815,2.885e-06,2.52259e+08
721201966,1.392e-06,4.94103e+08
753446465,1.583e-06,4.53912e+08
764194632,3.146e-06,2.31657e+08
722276783,3.707e-06,1.85815e+08
754521282,1.673e-06,4.30106e+08
765269448,3.186e-06,2.2907e+08
723351599,1.613e-06,4.27676e+08
755596098,2.165e-05,3.32837e+07
766344265,1.8544e-05,3.94113e+07
724426416,2.2451e-05,3.07722e+07
756670915,1.453e-06,4.9664e+08
767419081,1.362e-06,5.37348e+08
725501233,1.843e-06,3.75416e+08
757745732,1.482e-06,4.87613e+08
768493898,1.924e-06,3.80921e+08
726576049,1.593e-06,4.34976e+08
758820548,1.563e-06,4.62999e+08
769568715,1.693e-06,4.33501e+08
727650866,1.473e-06,4.71108e+08
759895365,1.302e-06,5.566e+08
770643531,2.024e-06,3.63114e+08
728725682,1.272e-06,5.46358e+08
760970182,2.151e-05,3.37386e+07
771718348,2.8373e-05,2.5939e+07
729800499,3.0777e-05,2.2614e+07
762044998,1.693e-06,4.29263e+08
772793165,2.014e-06,3.65935e+08
730875316,1.833e-06,3.8026e+08
763119815,1.853e-06,3.92751e+08
773867981,1.502e-06,4.91357e+08
731950132,1.573e-06,4.43765e+08
764194632,1.302e-06,5.59749e+08
774942798,1.994e-06,3.70633e+08
733024949,1.233e-06,5.66964e+08
765269448,1.673e-06,4.36233e+08
776017615,1.382e-06,5.35505e+08
734099766,1.713e-06,4.08694e+08
766344265,4.3711e-05,1.67199e+07
777092431,2.3223e-05,3.1912e+07
735174582,3.774e-05,1.85776e+07
767419081,1.512e-06,4.8404e+08
778167248,2.765e-06,2.68397e+08
736249399,2.315e-06,3.03301e+08
768493898,1.563e-06,4.68901e+08
779242065,1.733e-06,4.28819e+08
737324216,2.204e-06,3.19041e+08
769568715,1.503e-06,4.88302e+08
780316881,1.273e-06,5.84578e+08
738399032,1.543e-06,4.56379e+08
770643531,2.094e-06,3.50976e+08
781391698,1.553e-06,4.79841e+08
739473849,1.392e-06,5.06622e+08
771718348,3.3323e-05,2.20859e+07
782466514,9.178e-06,8.13051e+07
740548666,3.3472e-05,2.10995e+07
772793165,1.633e-06,4.51312e+08
783541331,2.144e-06,3.48528e+08
741623482,1.994e-06,3.54698e+08
773867981,1.643e-06,4.49189e+08
784616148,2.615e-06,2.86145e+08
742698299,1.994e-06,3.55212e+08
774942798,1.443e-06,5.12157e+08
785690964,1.142e-06,6.56124e+08
743773115,1.332e-06,5.32521e+08
776017615,2.104e-06,3.51743e+08
786765781,2.295e-06,3.26936e+08
744847932,1.894e-06,3.75049e+08
777092431,2.5898e-05,2.86158e+07
787840598,2.2001e-05,3.41504e+07
745922749,3.1168e-05,2.28236e+07
778167248,2.104e-06,3.52718e+08
788915414,3.146e-06,2.39151e+08
746997565,4.328e-06,1.64601e+08
779242065,1.743e-06,4.26359e+08
789990231,2.805e-06,2.68589e+08
748072382,2.114e-06,3.37473e+08
780316881,1.252e-06,5.94384e+08
791065048,3.316e-06,2.27509e+08
749147199,1.142e-06,6.25606e+08
781391698,1.864e-06,3.99782e+08
792139864,2.084e-06,3.62497e+08
750222015,1.483e-06,4.82446e+08
782466514,2.9024e-05,2.57104e+07
793214681,2.9795e-05,2.53891e+07
751296832,2.6018e-05,2.75383e+07
783541331,1.593e-06,4.69079e+08
794289497,3.055e-06,2.47952e+08
752371649,1.933e-06,3.71194e+08
784616148,1.203e-06,6.22002e+08
795364314,3.126e-06,2.42648e+08
753446465,3.246e-06,2.21362e+08
785690964,1.603e-06,4.67432e+08
796439131,2.795e-06,2.71751e+08
754521282,1.032e-06,6.97255e+08
786765781,1.903e-06,3.94282e+08
797513947,1.874e-06,4.05853e+08
755596098,1.643e-06,4.38583e+08
787840598,6.3448e-05,1.18419e+07
798588764,2.4766e-05,3.07516e+07
756670915,2.2141e-05,3.25919e+07
788915414,3.166e-06,2.3764e+08
799663581,3.276e-06,2.3279e+08
757745732,1.703e-06,4.24335e+08
789990231,1.603e-06,4.6999e+08
800738397,1.022e-06,7.47205e+08
758820548,1.613e-06,4.48647e+08
791065048,1.703e-06,4.42994e+08
801813214,3.096e-06,2.46986e+08
759895365,2.304e-06,3.14537e+08
792139864,1.162e-06,6.50123e+08
802888031,1.893e-06,4.04487e+08
760970182,1.162e-06,6.24542e+08
793214681,2.2973e-05,3.29286e+07
803962847,1.8865e-05,4.06424e+07
762044998,2.5317e-05,2.87057e+07
794289497,1.743e-06,4.34592e+08
805037664,2.885e-06,2.66116e+08
763119815,4.028e-06,1.80677e+08
795364314,1.633e-06,4.64494e+08
806112480,3.917e-06,1.96265e+08
764194632,1.583e-06,4.60387e+08
796439131,1.343e-06,5.65557e+08
807187297,1.873e-06,4.10995e+08
765269448,2.294e-06,3.18142e+08
797513947,1.733e-06,4.38874e+08
808262114,2.464e-06,3.12832e+08
766344265,1.683e-06,4.3425e+08
798588764,2.2682e-05,3.3577e+07
809336930,9.427e-06,8.18759e+07
767419081,2.3214e-05,3.1527e+07
799663581,2.304e-06,3.30998e+08
810411747,3.757e-06,2.05714e+08
768493898,1.853e-06,3.95517e+08
800738397,1.753e-06,4.35621e+08
811486564,2.915e-06,2.65487e+08
769568715,1.122e-06,6.54116e+08
801813214,1.713e-06,4.46392e+08
812561380,4.668e-06,1.66007e+08
770643531,2.034e-06,3.61329e+08
802888031,2.064e-06,3.70976e+08
813636197,4.268e-06,1.81805e+08
771718348,1.183e-06,6.2212e+08
803962847,2.4565e-05,3.12118e+07
814711014,6.1895e-05,1.2553e+07
772793165,2.4065e-05,3.06251e+07
805037664,3.006e-06,2.55404e+08
815785830,3.326e-06,2.33913e+08
773867981,2.284e-06,3.23125e+08
806112480,2.053e-06,3.74461e+08
816860647,2.585e-06,3.01361e+08
774942798,1.704e-06,4.33711e+08
807187297,1.884e-06,4.08595e+08
817935464,2.054e-06,3.79768e+08
776017615,1.473e-06,5.02422e+08
808262114,1.272e-06,6.0599e+08
819010280,3.176e-06,2.45929e+08
777092431,1.853e-06,3.99942e+08
809336930,2.117e-05,3.64593e+07
820085097,9.758e-06,8.0149e+07
778167248,3.0677e-05,2.41914e+07
810411747,1.964e-06,3.93518e+08
821159913,2.284e-06,3.42872e+08
779242065,1.533e-06,4.84764e+08
811486564,1.132e-06,6.83652e+08
822234730,1.473e-06,5.32345e+08
780316881,1.393e-06,5.3422e+08
812561380,1.092e-06,7.09633e+08
823309547,1.603e-06,4.89812e+08
781391698,1.784e-06,4.17709e+08
813636197,1.273e-06,6.0954e+08
824384363,1.412e-06,5.56795e+08
782466514,1.082e-06,6.89666e+08
814711014,3.4104e-05,2.27823e+07
825459180,2.72e-05,2.89419e+07
783541331,3.1439e-05,2.3768e+07
815785830,2.725e-06,2.85502e+08
826533997,3.326e-06,2.36995e+08
784616148,1.864e-06,4.01431e+08
816860647,1.884e-06,4.13492e+08
827608813,2.254e-06,3.50164e+08
785690964,1.313e-06,5.70673e+08
817935464,1.813e-06,4.3025e+08
828683630,3.075e-06,2.57006e+08
786765781,1.503e-06,4.99214e+08
819010280,1.403e-06,5.56714e+08
829758447,1.302e-06,6.07772e+08
787840598,3.657e-06,2.05453e+08
820085097,1.2313e-05,6.35178e+07
830833263,5.571e-06,1.42227e+08
788915414,2.7811e-05,2.70529e+07
821159913,1.973e-06,3.96918e+08
789990231,9.61e-07,7.83968e+08
831908080,1.653e-06,4.79957e+08
822234730,1.202e-06,6.52366e+08
791065048,1.343e-06,5.61741e+08
832982896,1.743e-06,4.55763e+08
823309547,1.322e-06,5.93925e+08
792139864,1.823e-06,4.14396e+08
834057713,1.082e-06,7.35138e+08
824384363,1.443e-06,5.44833e+08
793214681,1.062e-06,7.12306e+08
835132530,1.022e-06,7.793e+08
825459180,2.4886e-05,3.1633e+07
794289497,4.548e-06,1.66555e+08
836207346,2.5618e-05,3.11293e+07
826533997,4.398e-06,1.79228e+08
795364314,2.525e-06,3.00403e+08
837282163,1.272e-06,6.27747e+08
827608813,2.685e-06,2.93955e+08
796439131,3.306e-06,2.29747e+08
838356980,1.713e-06,4.66736e+08
828683630,1.713e-06,4.61351e+08
797513947,1.923e-06,3.95511e+08
839431796,1.663e-06,4.81386e+08
829758447,1.132e-06,6.99045e+08
798588764,2.144e-06,3.55221e+08
840506613,2.114e-06,3.79172e+08
830833263,2.2973e-05,3.44902e+07
799663581,2.9656e-05,2.57155e+07
841581430,2.682e-05,2.99252e+07
831908080,1.813e-06,4.376e+08
800738397,1.883e-06,4.05546e+08
842656246,1.473e-06,5.45567e+08
832982896,1.483e-06,5.35667e+08
801813214,1.673e-06,4.57064e+08
843731063,1.773e-06,4.53832e+08
834057713,1.773e-06,4.48629e+08
802888031,1.653e-06,4.63215e+08
844805879,1.332e-06,6.04857e+08
835132530,1.803e-06,4.41733e+08
803962847,9.42e-07,8.13926e+08
845880696,1.543e-06,5.22809e+08
836207346,7.514e-06,1.06131e+08
805037664,3.0768e-05,2.49527e+07
846955513,3.0587e-05,2.64073e+07
837282163,3.887e-06,2.05427e+08
806112480,2.154e-06,3.56903e+08
848030329,2.154e-06,3.75462e+08
838356980,3.276e-06,2.44054e+08
807187297,1.152e-06,6.68224e+08
849105146,1.663e-06,4.86933e+08
839431796,1.293e-06,6.19137e+08
808262114,2.084e-06,3.69875e+08
850179963,1.463e-06,5.542e+08
840506613,9.91e-07,8.08849e+08
809336930,1.472e-06,5.2435e+08
851254779,1.102e-06,7.36679e+08
841581430,2.661e-05,3.01614e+07
810411747,2.2372e-05,3.45463e+07
852329596,2.6369e-05,3.08258e+07
842656246,3.447e-06,2.33136e+08
811486564,1.623e-06,4.76829e+08
853404413,2.064e-06,3.94317e+08
843731063,2.284e-06,3.52296e+08
812561380,1.793e-06,4.32191e+08
854479229,1.573e-06,5.18051e+08
844805879,2.114e-06,3.81111e+08
813636197,1.092e-06,7.10571e+08
855554046,1.213e-06,6.72646e+08
845880696,4.208e-06,1.91705e+08
814711014,1.784e-06,4.35521e+08
856628862,1.483e-06,5.50873e+08
846955513,2.7351e-05,2.95316e+07
815785830,3.5856e-05,2.16977e+07
857703679,2.6379e-05,3.10084e+07
848030329,1.833e-06,4.41214e+08
816860647,1.834e-06,4.24765e+08
858778496,1.523e-06,5.37751e+08
849105146,1.302e-06,6.21943e+08
817935464,1.402e-06,5.56379e+08
859853312,2.124e-06,3.86073e+08
850179963,3.416e-06,2.37352e+08
819010280,1.533e-06,5.09504e+08
860928129,1.473e-06,5.57397e+08
851254779,2.765e-06,2.93606e+08
820085097,1.332e-06,5.87158e+08
862002946,1.943e-06,4.23093e+08
852329596,7.954e-06,1.02193e+08
821159913,2.8693e-05,2.7293e+07
863077762,2.6009e-05,3.16465e+07
853404413,1.533e-06,5.309e+08
822234730,1.933e-06,4.05662e+08
864152579,1.683e-06,4.89673e+08
854479229,2.444e-06,3.33427e+08
823309547,8.82e-07,8.90214e+08
865227396,1.212e-06,6.80813e+08
855554046,1.713e-06,4.76311e+08
824384363,1.382e-06,5.68881e+08
866302212,1.553e-06,5.31983e+08
856628862,1.743e-06,4.687e+08
825459180,1.453e-06,5.41789e+08
867377029,1.213e-06,6.81942e+08
857703679,2.5437e-05,3.21567e+07
826533997,1.8695e-05,4.21634e+07
868451846,2.4316e-05,3.40607e+07
858778496,1.884e-06,4.34711e+08
827608813,2.053e-06,3.84447e+08
869526662,2.454e-06,3.37916e+08
859853312,4.278e-06,1.91683e+08
828683630,1.553e-06,5.08882e+08
870601479,2.434e-06,3.41114e+08
860928129,2.976e-06,2.75889e+08
829758447,1.543e-06,5.12845e+08
871676295,1.683e-06,4.93937e+08
862002946,3.076e-06,2.67253e+08
830833263,2.103e-06,3.76769e+08
872751112,1.793e-06,4.64205e+08
863077762,2.3113e-05,3.56118e+07
831908080,2.8272e-05,2.8062e+07
873825929,2.3734e-05,3.51119e+07
864152579,2.936e-06,2.80695e+08
832982896,1.333e-06,5.95945e+08
874900745,2.004e-06,4.16352e+08
865227396,2.554e-06,3.2308e+08
834057713,1.342e-06,5.92712e+08
875975562,1.493e-06,5.59541e+08
866302212,2.725e-06,3.03182e+08
835132530,1.791e-05,4.44693e+07
877050379,1.563e-06,5.35138e+08
867377029,2.234e-06,3.70275e+08
836207346,2.915e-06,2.73574e+08
878125195,1.392e-06,6.01613e+08
868451846,2.0047e-05,4.13139e+07
837282163,2.112e-05,3.78075e+07
879200012,3.0256e-05,2.77125e+07
869526662,1.633e-06,5.07805e+08
838356980,1.332e-06,6.0024e+08
880274829,2.325e-06,3.61073e+08
870601479,1.262e-06,6.579e+08
839431796,1.082e-06,7.39875e+08
881349645,1.192e-06,7.05135e+08
871676295,1.403e-06,5.92513e+08
840506613,1.293e-06,6.1993e+08
882424462,1.993e-06,4.22251e+08
872751112,1.964e-06,4.23788e+08
841581430,1.784e-06,4.49885e+08
883499278,1.883e-06,4.47462e+08
873825929,2.3012e-05,3.62135e+07
842656246,3.3792e-05,2.37814e+07
884574095,2.4014e-05,3.51293e+07
874900745,1.593e-06,5.23773e+08
843731063,1.663e-06,4.83851e+08
885648912,1.763e-06,4.79081e+08
875975562,1.453e-06,5.74945e+08
844805879,1.283e-06,6.27958e+08
886723728,1.553e-06,5.44524e+08
877050379,1.653e-06,5.06001e+08
845880696,1.052e-06,7.6682e+08
887798545,1.833e-06,4.61904e+08
878125195,1.493e-06,5.60915e+08
846955513,1.313e-06,6.15171e+08
888873362,1.122e-06,7.55522e+08
879200012,2.2703e-05,3.69321e+07
848030329,2.4355e-05,3.32065e+07
889948178,2.1991e-05,3.8594e+07
880274829,2.935e-06,2.86029e+08
849105146,1.774e-06,4.56465e+08
891022995,1.402e-06,6.06095e+08
881349645,1.062e-06,7.91451e+08
850179963,1.503e-06,5.39451e+08
892097812,1.803e-06,4.71864e+08
882424462,2.494e-06,3.37428e+08
851254779,1.062e-06,7.64425e+08
893172628,1.944e-06,4.38167e+08
883499278,2.144e-06,3.9299e+08
852329596,1.162e-06,6.99522e+08
894247445,1.323e-06,6.44611e+08
884574095,1.9416e-05,4.34485e+07
853404413,2.4997e-05,3.25587e+07
895322261,2.5337e-05,3.36996e+07
885648912,1.913e-06,4.41516e+08
854479229,1.493e-06,5.4581e+08
896397078,1.483e-06,5.76447e+08
886723728,1.442e-06,5.86439e+08
855554046,1.142e-06,7.14466e+08
897471895,1.473e-06,5.81056e+08
887798545,1.683e-06,5.03072e+08
856628862,1.142e-06,7.15363e+08
898546711,1.603e-06,5.34573e+08
888873362,1.092e-06,7.76278e+08
857703679,1.283e-06,6.37545e+08
899621528,1.823e-06,4.70623e+08
889948178,2.3654e-05,3.58806e+07
858778496,2.68e-05,3.05595e+07
900696345,2.3744e-05,3.61763e+07
891022995,2.234e-06,3.8037e+08
859853312,2.345e-06,3.49689e+08
901771161,1.974e-06,4.35662e+08
892097812,3.466e-06,2.45462e+08
860928129,1.563e-06,5.25301e+08
902845978,1.603e-06,5.37131e+08
893172628,1.122e-06,7.59176e+08
862002946,1.473e-06,5.58092e+08
903920795,1.182e-06,7.29311e+08
894247445,1.102e-06,7.73885e+08
863077762,1.643e-06,5.00971e+08
904995611,1.353e-06,6.37894e+08
895322261,1.9807e-05,4.31083e+07
864152579,2.5347e-05,3.25135e+07
906070428,2.0508e-05,4.21346e+07
896397078,1.613e-06,5.29988e+08
865227396,1.563e-06,5.27924e+08
907145245,1.323e-06,6.53909e+08
897471895,1.884e-06,4.54297e+08
866302212,1.313e-06,6.29223e+08
908220061,1.072e-06,8.07972e+08
898546711,1.693e-06,5.06155e+08
867377029,1.032e-06,8.01546e+08
909294878,1.393e-06,6.22521e+08
899621528,1.593e-06,5.38572e+08
868451846,1.192e-06,6.94816e+08
910369694,1.452e-06,5.97931e+08
900696345,1.7573e-05,4.88802e+07
869526662,2.3363e-05,3.5494e+07
911444511,2.4876e-05,3.49422e+07
901771161,1.472e-06,5.84236e+08
870601479,2.204e-06,3.76711e+08
912519328,1.633e-06,5.32913e+08
902845978,1.543e-06,5.58018e+08
871676295,1.413e-06,5.88319e+08
913594144,1.082e-06,8.05241e+08
903920795,1.613e-06,5.34436e+08
872751112,1.964e-06,4.23788e+08
914668961,1.323e-06,6.59332e+08
904995611,1.492e-06,5.78466e+08
873825929,1.693e-06,4.9223e+08
915743778,1.182e-06,7.38851e+08
906070428,2.177e-05,3.96921e+07
874900745,2.111e-05,3.95249e+07
916818594,1.8204e-05,4.80305e+07
907145245,1.723e-06,5.02102e+08
875975562,1.483e-06,5.63314e+08
917893411,1.543e-06,5.67318e+08
908220061,1.483e-06,5.8405e+08
877050379,1.403e-06,5.96166e+08
918968228,1.373e-06,6.38308e+08
909294878,1.052e-06,8.24307e+08
878125195,1.563e-06,5.35794e+08
920043044,1.583e-06,5.54278e+08
910369694,1.052e-06,8.25282e+08
879200012,1.292e-06,6.48971e+08
921117861,1.483e-06,5.92344e+08
911444511,2.0518e-05,4.23638e+07
880274829,2.4856e-05,3.37744e+07
922192677,2.0919e-05,4.20418e+07
912519328,1.442e-06,6.03499e+08
881349645,1.493e-06,5.62974e+08
923267494,1.703e-06,5.17027e+08
913594144,1.252e-06,6.95904e+08
882424462,1.362e-06,6.17875e+08
924342311,1.503e-06,5.86508e+08
914668961,1.393e-06,6.262e+08
883499278,1.182e-06,7.12835e+08
925417127,1.743e-06,5.06338e+08
915743778,3.696e-06,2.36288e+08
884574095,1.072e-06,7.86936e+08
926491944,1.293e-06,6.8335e+08
916818594,1.8745e-05,4.66442e+07
885648912,2.117e-05,3.98971e+07
927566761,2.3384e-05,3.78291e+07
917893411,1.483e-06,5.90271e+08
886723728,1.473e-06,5.74098e+08
928641577,1.633e-06,5.42328e+08
918968228,1.853e-06,4.72961e+08
887798545,1.472e-06,5.75184e+08
929716394,1.373e-06,6.45773e+08
920043044,1.814e-06,4.83694e+08
888873362,1.342e-06,6.31666e+08
930791211,1.332e-06,6.6642e+08
921117861,1.042e-06,8.43039e+08
889948178,1.312e-06,6.46891e+08
931866027,1.202e-06,7.39348e+08
922192677,1.9856e-05,4.42925e+07
891022995,2.113e-05,4.02151e+07
932940844,2.0107e-05,4.42494e+07
923267494,1.352e-06,6.51255e+08
892097812,1.302e-06,6.53434e+08
934015660,2.254e-06,3.95185e+08
924342311,1.903e-06,4.63227e+08
893172628,1.303e-06,6.53719e+08
935090477,1.142e-06,7.80886e+08
925417127,1.192e-06,7.40391e+08
894247445,1.112e-06,7.66925e+08
936165294,1.352e-06,6.60353e+08
926491944,1.343e-06,6.57909e+08
895322261,1.333e-06,6.40545e+08
937240110,1.523e-06,5.86882e+08
927566761,2.4655e-05,3.5879e+07
896397078,1.9867e-05,4.30297e+07
938314927,1.9957e-05,4.48387e+07
928641577,1.543e-06,5.73961e+08
897471895,1.823e-06,4.69499e+08
939389744,1.793e-06,4.9965e+08
929716394,1.162e-06,7.63035e+08
898546711,1.222e-06,7.01245e+08
940464560,1.282e-06,6.99608e+08
930791211,9.82e-07,9.03943e+08
899621528,1.323e-06,6.48485e+08
941539377,2.194e-06,4.09262e+08
931866027,1.042e-06,8.52876e+08
900696345,1.322e-06,6.49751e+08
942614194,1.283e-06,7.0066e+08
932940844,1.9376e-05,4.59188e+07
901771161,2.0969e-05,4.10127e+07
943689010,2.0218e-05,4.45134e+07
934015660,1.723e-06,5.16974e+08
902845978,1.553e-06,5.54424e+08
944763827,1.643e-06,5.48385e+08
935090477,1.422e-06,6.27125e+08
903920795,1.132e-06,7.61525e+08
945838644,1.442e-06,6.25535e+08
936165294,1.443e-06,6.18709e+08
904995611,1.452e-06,5.94402e+08
946913460,1.353e-06,6.67441e+08
937240110,1.383e-06,6.46292e+08
906070428,1.523e-06,5.67364e+08
947988277,1.142e-06,7.91657e+08
938314927,1.8385e-05,4.86727e+07
907145245,2.5648e-05,3.37305e+07
949063093,1.4166e-05,6.38922e+07
939389744,1.413e-06,6.34021e+08
908220061,1.693e-06,5.11604e+08
950137910,1.413e-06,6.41275e+08
940464560,1.163e-06,7.71193e+08
909294878,1.293e-06,6.70666e+08
951212727,1.483e-06,6.11697e+08
941539377,1.272e-06,7.05913e+08
910369694,9.82e-07,8.8411e+08
952287543,1.232e-06,7.37153e+08
942614194,1.031e-06,8.71918e+08
911444511,1.282e-06,6.7802e+08
953362360,1.553e-06,5.85446e+08
943689010,2.7912e-05,3.22432e+07
912519328,2.2041e-05,3.94831e+07
954437177,2.0628e-05,4.41256e+07
944763827,1.804e-06,4.99444e+08
913594144,1.703e-06,5.1161e+08
955511993,1.402e-06,6.49962e+08
945838644,3.346e-06,2.69582e+08
914668961,1.522e-06,5.73125e+08
956586810,1.452e-06,6.28287e+08
946913460,1.383e-06,6.52962e+08
915743778,1.322e-06,6.60606e+08
957661627,1.232e-06,7.41313e+08
947988277,1.563e-06,5.78421e+08
916818594,1.042e-06,8.39104e+08
958736443,1.263e-06,7.23929e+08
949063093,5.35e-06,1.69177e+08
917893411,2.3644e-05,3.7023e+07
959811260,2.3023e-05,3.9758e+07
950137910,1.673e-06,5.41615e+08
918968228,1.403e-06,6.24659e+08
960886076,2.224e-06,4.12038e+08
951212727,3.928e-06,2.30944e+08
920043044,1.052e-06,8.34051e+08
961960893,1.022e-06,8.97649e+08
952287543,1.143e-06,7.94551e+08
921117861,1.573e-06,5.58453e+08
963035710,1.262e-06,7.27752e+08
953362360,2.224e-06,4.08812e+08
922192677,1.162e-06,7.5686e+08
964110526,1.754e-06,5.242e+08
954437177,9.658e-06,9.42454e+07
923267494,2.2632e-05,3.89049e+07
965185343,2.151e-05,4.27928e+07
955511993,1.493e-06,6.10346e+08
924342311,1.724e-06,5.11323e+08
966260160,1.713e-06,5.37944e+08
956586810,1.984e-06,4.59815e+08
925417127,8.92e-07,9.89402e+08
967334976,1.072e-06,8.60562e+08
957661627,1.192e-06,7.66189e+08
926491944,1.513e-06,5.83986e+08
968409793,1.583e-06,5.83416e+08
958736443,1.353e-06,6.75774e+08
927566761,1.182e-06,7.4839e+08
969484610,1.172e-06,7.88884e+08
959811260,1.9657e-05,4.6566e+07
928641577,1.7563e-05,5.04254e+07
970559426,2.5387e-05,3.64595e+07
960886076,1.763e-06,5.1978e+08
929716394,1.423e-06,6.23083e+08
971634243,1.764e-06,5.25296e+08
961960893,1.092e-06,8.40108e+08
930791211,1.212e-06,7.32402e+08
972709059,1.283e-06,7.2303e+08
963035710,3.346e-06,2.74484e+08
931866027,1.653e-06,5.37627e+08
973783876,1.353e-06,6.8638e+08
964110526,1.883e-06,4.88289e+08
932940844,1.252e-06,7.1064e+08
974858693,1.202e-06,7.73459e+08
965185343,1.0559e-05,8.71742e+07
934015660,1.8124e-05,4.91474e+07
975933509,2.137e-05,4.35528e+07
966260160,1.834e-06,5.02452e+08
935090477,1.523e-06,5.85536e+08
977008326,1.813e-06,5.13926e+08
967334976,1.422e-06,6.4875e+08
936165294,1.363e-06,6.55023e+08
978083143,9.52e-07,9.79803e+08
968409793,1.413e-06,6.53608e+08
937240110,1.933e-06,4.62401e+08
979157959,1.162e-06,8.03613e+08
969484610,1.262e-06,7.32625e+08
938314927,1.292e-06,6.92606e+08
980232776,1.483e-06,6.30359e+08
970559426,2.3213e-05,3.98741e+07
939389744,1.8174e-05,4.92941e+07
981307593,1.9737e-05,4.74159e+07
971634243,1.313e-06,7.05729e+08
940464560,1.864e-06,4.81168e+08
982382409,1.764e-06,5.31107e+08
972709059,1.543e-06,6.01197e+08
941539377,1.343e-06,6.68594e+08
983457226,1.673e-06,5.60608e+08
973783876,1.422e-06,6.53075e+08
942614194,1.152e-06,7.80336e+08
984532042,1.403e-06,6.69225e+08
974858693,1.703e-06,5.45918e+08
943689010,1.623e-06,5.54511e+08
985606859,1.232e-06,7.62945e+08
975933509,1.9606e-05,4.74713e+07
944763827,2.0619e-05,4.36974e+07
986681676,2.0428e-05,4.60629e+07
977008326,2.174e-06,4.28587e+08
945838644,2.595e-06,3.476e+08
987756492,1.663e-06,5.66445e+08
978083143,1.553e-06,6.00626e+08
946913460,9.81e-07,9.20537e+08
988831309,1.243e-06,7.58667e+08
979157959,2.084e-06,4.4808e+08
947988277,2.334e-06,3.87349e+08
989906126,1.102e-06,8.56668e+08
980232776,2.384e-06,3.92124e+08
949063093,1.522e-06,5.94676e+08
990980942,2.013e-06,4.69485e+08
981307593,2.4025e-05,3.89531e+07
950137910,2.4736e-05,3.66317e+07
992055759,2.3924e-05,3.9546e+07
982382409,1.773e-06,5.28411e+08
951212727,2.064e-06,4.39509e+08
993130576,1.473e-06,6.42989e+08
983457226,1.382e-06,6.78653e+08
952287543,1.593e-06,5.70102e+08
994205392,1.092e-06,8.68268e+08
984532042,1.572e-06,5.97279e+08
953362360,1.502e-06,6.05324e+08
995280209,1.583e-06,5.99604e+08
985606859,2.124e-06,4.42537e+08
954437177,1.493e-06,6.0966e+08
996355026,1.794e-06,5.29653e+08
986681676,1.9346e-05,4.86391e+07
955511993,2.3404e-05,3.89355e+07
997429842,2.4235e-05,3.925e+07
987756492,1.994e-06,4.72416e+08
956586810,1.503e-06,6.06968e+08
998504659,1.914e-06,4.97517e+08
988831309,2.294e-06,4.11082e+08
957661627,1.422e-06,6.42263e+08
999579475,8.31e-07,1.14714e+09
989906126,2.174e-06,4.34245e+08
958736443,1.242e-06,7.36169e+08
1000654292,1.463e-06,6.52289e+08
990980942,2.985e-06,3.16607e+08
959811260,1.192e-06,7.67909e+08
1001729109,1.884e-06,5.07072e+08
992055759,2.1781e-05,4.34369e+07
960886076,3.3152e-05,2.76415e+07
1002803925,2.5608e-05,3.73457e+07
993130576,1.964e-06,4.82242e+08
961960893,2.184e-06,4.20054e+08
1003878742,2.896e-06,3.30585e+08
994205392,1.423e-06,6.66302e+08
963035710,2.054e-06,4.47138e+08
1004953559,2.104e-06,4.55513e+08
995280209,2.625e-06,3.6159e+08
964110526,1.473e-06,6.24201e+08
1006028375,2.064e-06,4.64837e+08
996355026,1.272e-06,7.47011e+08
965185343,1.803e-06,5.10523e+08
1007103192,1.533e-06,6.26516e+08
997429842,2.4907e-05,3.8191e+07
966260160,2.9134e-05,3.16296e+07
1008178009,4.281e-05,2.24591e+07
998504659,1.483e-06,6.42109e+08
967334976,1.262e-06,7.31e+08
1009252825,2.124e-06,4.53154e+08
999579475,1.343e-06,7.09809e+08
968409793,1.092e-06,8.4574e+08
1010327642,1.413e-06,6.81899e+08
1000654292,1.993e-06,4.78825e+08
969484610,1.392e-06,6.64204e+08
1011402458,1.513e-06,6.37507e+08
1001729109,1.804e-06,5.29558e+08
970559426,1.233e-06,7.50687e+08
1012477275,1.372e-06,7.03771e+08
1002803925,2.5438e-05,3.75953e+07
971634243,2.0438e-05,4.53382e+07
1013552092,2.4676e-05,3.91716e+07
1003878742,2.444e-06,3.91724e+08
972709059,2.174e-06,4.26701e+08
1014626908,1.392e-06,6.95132e+08
1004953559,1.723e-06,5.56238e+08
973783876,1.383e-06,6.71491e+08
1015701725,2.084e-06,4.64803e+08
1006028375,1.683e-06,5.70067e+08
974858693,1.343e-06,6.92254e+08
1016776542,1.392e-06,6.96605e+08
1007103192,1.473e-06,6.52036e+08
975933509,1.423e-06,6.54057e+08
1017851358,1.183e-06,8.2054e+08
1008178009,2.1801e-05,4.41023e+07
977008326,2.4626e-05,3.78359e+07
1018926175,2.671e-05,3.63805e+07
1009252825,1.383e-06,6.9595e+08
978083143,1.633e-06,5.71202e+08
1020000992,1.383e-06,7.03361e+08
1010327642,1.423e-06,6.77107e+08
979157959,1.774e-06,5.2638e+08
1021075808,1.623e-06,5.99984e+08
1011402458,1.532e-06,6.29601e+08
980232776,1.724e-06,5.42241e+08
1022150625,1.664e-06,5.85817e+08
1012477275,1.893e-06,5.10076e+08
981307593,2.174e-06,4.30473e+08
1023225441,1.493e-06,6.53599e+08
1013552092,2.8393e-05,3.40436e+07
982382409,2.8273e-05,3.31367e+07
1024300258,2.68e-05,3.64496e+07
1014626908,1.613e-06,5.99891e+08
983457226,2.395e-06,3.91607e+08
1025375075,1.833e-06,5.33483e+08
1015701725,2.865e-06,3.38097e+08
984532042,1.563e-06,6.00718e+08
1026449891,1.282e-06,7.63572e+08
1016776542,1.893e-06,5.12242e+08
985606859,1.452e-06,6.47347e+08
1027524708,1.563e-06,6.26951e+08
1017851358,1.323e-06,7.3371e+08
986681676,2.144e-06,4.38887e+08
1028599525,1.483e-06,6.61463e+08
1018926175,2.119e-05,4.58577e+07
987756492,2.6599e-05,3.54148e+07
1029674341,2.2111e-05,4.44111e+07
1020000992,1.834e-06,5.30397e+08
988831309,1.473e-06,6.40206e+08
1030749158,1.393e-06,7.0567e+08
1021075808,2.124e-06,4.58462e+08
989906126,1.313e-06,7.19001e+08
1031823975,3.356e-06,2.93213e+08
1022150625,1.462e-06,6.66757e+08
990980942,2.094e-06,4.51324e+08
1032898791,1.232e-06,7.99553e+08
1023225441,1.243e-06,7.85055e+08
992055759,1.242e-06,7.61754e+08
1033973608,1.403e-06,7.02833e+08
1024300258,2.0789e-05,4.69887e+07
993130576,2.4946e-05,3.79669e+07
1035048425,1.9837e-05,4.97605e+07
1025375075,1.482e-06,6.59834e+08
994205392,1.543e-06,6.14484e+08
1036123241,1.773e-06,5.57318e+08
1026449891,1.984e-06,4.93397e+08
995280209,1.553e-06,6.11187e+08
1037198058,1.313e-06,7.5335e+08
1027524708,1.192e-06,8.22084e+08
996355026,1.102e-06,8.62249e+08
1038272874,1.222e-06,8.1029e+08
1028599525,1.744e-06,5.62471e+08
997429842,2.204e-06,4.31589e+08
1039347691,1.523e-06,6.5082e+08
1029674341,2.158e-05,4.55039e+07
998504659,2.639e-05,3.60837e+07
1040422508,2.3995e-05,4.13513e+07
1030749158,1.623e-06,6.05668e+08
999579475,2.264e-06,4.21057e+08
1041497324,1.713e-06,5.7983e+08
1031823975,1.112e-06,8.84914e+08
1000654292,2.004e-06,4.76197e+08
1042572141,1.262e-06,7.87856e+08
1032898791,1.373e-06,7.17443e+08
1001729109,1.272e-06,7.5104e+08
1043646958,1.032e-06,9.64437e+08
1033973608,1.142e-06,8.63462e+08
1002803925,1.322e-06,7.2341e+08
1044721774,1.543e-06,6.45706e+08
1035048425,2.2211e-05,4.44419e+07
1003878742,2.0298e-05,4.71659e+07
1045796591,2.2171e-05,4.49844e+07
1036123241,1.403e-06,7.04294e+08
1004953559,2.094e-06,4.57688e+08
1046871408,1.413e-06,7.06564e+08
1037198058,1.814e-06,5.45286e+08
1006028375,1.162e-06,8.25666e+08
1047946224,1.262e-06,7.91917e+08
1038272874,1.403e-06,7.05755e+08
1007103192,1.643e-06,5.8457e+08
1049021041,1.854e-06,5.39603e+08
1039347691,1.313e-06,7.54912e+08
1008178009,1.563e-06,6.15146e+08
1050095857,1.142e-06,8.76926e+08
1040422508,2.2772e-05,4.35721e+07
1009252825,3.0827e-05,3.12226e+07
1051170674,2.4756e-05,4.04942e+07
1041497324,1.542e-06,6.44131e+08
1010327642,1.573e-06,6.12539e+08
1052245491,1.654e-06,6.06711e+08
1042572141,1.392e-06,7.14277e+08
1011402458,1.092e-06,8.83286e+08
1053320307,1.312e-06,7.65644e+08
1043646958,1.382e-06,7.20188e+08
1012477275,1.813e-06,5.32583e+08
1054395124,1.222e-06,8.22872e+08
1044721774,1.052e-06,9.47076e+08
1013552092,1.894e-06,5.10348e+08
1055469941,1.503e-06,6.6971e+08
1045796591,2.2291e-05,4.47422e+07
1014626908,1.5589e-05,6.20709e+07
1056544757,2.3353e-05,4.31465e+07
1046871408,1.974e-06,5.05762e+08
1015701725,2.004e-06,4.83358e+08
1057619574,1.513e-06,6.66639e+08
1047946224,1.062e-06,9.41054e+08
1016776542,2.415e-06,4.01521e+08
1058694391,1.363e-06,7.40755e+08
1049021041,1.322e-06,7.56751e+08
1017851358,1.694e-06,5.73022e+08
1059769207,1.322e-06,7.64504e+08
1050095857,1.483e-06,6.75286e+08
1018926175,1.203e-06,8.0775e+08
1060844024,1.723e-06,5.87173e+08
1051170674,1.5779e-05,6.35322e+07
1020000992,2.4005e-05,4.05228e+07
1061918840,1.9386e-05,5.224e+07
1052245491,1.934e-06,5.18873e+08
1021075808,2.084e-06,4.67262e+08
1062993657,1.533e-06,6.61285e+08
1053320307,2.044e-06,4.9145e+08
1022150625,1.112e-06,8.76618e+08
1064068474,9.61e-07,1.05596e+09
1054395124,1.232e-06,8.16193e+08
1023225441,1.282e-06,7.61173e+08
1065143290,1.403e-06,7.2402e+08
1055469941,1.172e-06,8.58852e+08
1024300258,1.432e-06,6.82157e+08
1066218107,1.212e-06,8.38964e+08
1056544757,2.5658e-05,3.92704e+07
1025375075,2.3203e-05,4.21443e+07
1067292924,2.1671e-05,4.69683e+07
1057619574,1.553e-06,6.49469e+08
1026449891,1.973e-06,4.96147e+08
1068367740,2.084e-06,4.88903e+08
1058694391,1.232e-06,8.19521e+08
1027524708,1.372e-06,7.1423e+08
1069442557,1.503e-06,6.78576e+08
1059769207,1.482e-06,6.81967e+08
1028599525,1.232e-06,7.96225e+08
1070517374,1.242e-06,8.22001e+08
1060844024,1.212e-06,8.34736e+08
1029674341,9.72e-07,1.01026e+09
1071592190,1.502e-06,6.80393e+08
1061918840,2.4746e-05,4.09248e+07
1030749158,2.7742e-05,3.54336e+07
1072667007,2.3974e-05,4.26702e+07
1062993657,1.382e-06,7.33538e+08
1031823975,1.803e-06,5.4577e+08
1073741824,1.523e-06,6.72357e+08
